CREATE DATABASE  IF NOT EXISTS `stg` /*!40100 DEFAULT CHARACTER SET utf8mb4 COLLATE utf8mb4_0900_ai_ci */;
USE `stg`;
-- MySQL dump 10.13  Distrib 8.0.15, for Win64 (x86_64)
--
-- Host: localhost    Database: stg
-- ------------------------------------------------------
-- Server version	8.0.15

/*!40101 SET @OLD_CHARACTER_SET_CLIENT=@@CHARACTER_SET_CLIENT */;
/*!40101 SET @OLD_CHARACTER_SET_RESULTS=@@CHARACTER_SET_RESULTS */;
/*!40101 SET @OLD_COLLATION_CONNECTION=@@COLLATION_CONNECTION */;
 SET NAMES utf8 ;
/*!40103 SET @OLD_TIME_ZONE=@@TIME_ZONE */;
/*!40103 SET TIME_ZONE='+00:00' */;
/*!40014 SET @OLD_UNIQUE_CHECKS=@@UNIQUE_CHECKS, UNIQUE_CHECKS=0 */;
/*!40014 SET @OLD_FOREIGN_KEY_CHECKS=@@FOREIGN_KEY_CHECKS, FOREIGN_KEY_CHECKS=0 */;
/*!40101 SET @OLD_SQL_MODE=@@SQL_MODE, SQL_MODE='NO_AUTO_VALUE_ON_ZERO' */;
/*!40111 SET @OLD_SQL_NOTES=@@SQL_NOTES, SQL_NOTES=0 */;

--
-- Table structure for table `applications`
--

DROP TABLE IF EXISTS `applications`;
/*!40101 SET @saved_cs_client     = @@character_set_client */;
 SET character_set_client = utf8mb4 ;
CREATE TABLE `applications` (
  `app_id` int(11) NOT NULL AUTO_INCREMENT,
  `date_created` date DEFAULT NULL,
  `app_status` varchar(45) DEFAULT NULL,
  `fk_profile_id` int(11) DEFAULT NULL,
  `fk_offer_id` int(11) DEFAULT NULL,
  PRIMARY KEY (`app_id`),
  KEY `fk_offer_id_idx` (`fk_offer_id`),
  KEY `fk_profile_id_idx` (`fk_profile_id`),
  CONSTRAINT `fk_offer_id` FOREIGN KEY (`fk_offer_id`) REFERENCES `offers` (`offer_id`),
  CONSTRAINT `fk_profile_id` FOREIGN KEY (`fk_profile_id`) REFERENCES `profiles` (`profile_id`)
) ENGINE=InnoDB AUTO_INCREMENT=2 DEFAULT CHARSET=utf8mb4 COLLATE=utf8mb4_0900_ai_ci;
/*!40101 SET character_set_client = @saved_cs_client */;

--
-- Dumping data for table `applications`
--

LOCK TABLES `applications` WRITE;
/*!40000 ALTER TABLE `applications` DISABLE KEYS */;
/*!40000 ALTER TABLE `applications` ENABLE KEYS */;
UNLOCK TABLES;

--
-- Table structure for table `athl_like`
--

DROP TABLE IF EXISTS `athl_like`;
/*!40101 SET @saved_cs_client     = @@character_set_client */;
 SET character_set_client = utf8mb4 ;
CREATE TABLE `athl_like` (
  `athl_like_id` int(11) NOT NULL AUTO_INCREMENT,
  `fk_athl_id` int(11) NOT NULL,
  `fk_offer_id` int(11) NOT NULL,
  `date` datetime DEFAULT NULL,
  `isLiked` tinyint(4) NOT NULL,
  PRIMARY KEY (`athl_like_id`),
  KEY `fk_athl_id_idx` (`fk_athl_id`),
  KEY `fk_athl_like_offer_id_idx` (`fk_offer_id`),
  CONSTRAINT `fk_athl_like_athl_id` FOREIGN KEY (`fk_athl_id`) REFERENCES `athletes` (`athl_id`),
  CONSTRAINT `fk_athl_like_offer_id` FOREIGN KEY (`fk_offer_id`) REFERENCES `offers` (`offer_id`)
) ENGINE=InnoDB AUTO_INCREMENT=18 DEFAULT CHARSET=utf8mb4 COLLATE=utf8mb4_0900_ai_ci;
/*!40101 SET character_set_client = @saved_cs_client */;

--
-- Dumping data for table `athl_like`
--

LOCK TABLES `athl_like` WRITE;
/*!40000 ALTER TABLE `athl_like` DISABLE KEYS */;
INSERT INTO `athl_like` VALUES (1,1,1,'2019-10-18 10:00:00',1),(2,1,2,'2019-10-18 07:00:00',1),(3,3,1,'2019-10-18 07:00:00',0),(4,3,2,'2019-10-18 07:00:00',1),(5,4,15,'2019-10-18 07:00:00',1),(6,4,16,'2019-10-18 07:00:00',0),(9,6,10,'2019-10-18 07:00:00',0),(10,6,20,'2019-10-18 07:00:00',1),(11,1,3,'2019-11-06 13:31:00',1);
/*!40000 ALTER TABLE `athl_like` ENABLE KEYS */;
UNLOCK TABLES;

--
-- Table structure for table `athletes`
--

DROP TABLE IF EXISTS `athletes`;
/*!40101 SET @saved_cs_client     = @@character_set_client */;
 SET character_set_client = utf8mb4 ;
CREATE TABLE `athletes` (
  `athl_id` int(11) NOT NULL AUTO_INCREMENT,
  `athl_fname` varchar(45) NOT NULL,
  `athl_lname` varchar(45) NOT NULL,
  `athl_gender` varchar(30) NOT NULL,
  `athl_dob` date NOT NULL,
  `athl_addr` varchar(120) DEFAULT NULL,
  `athl_height` float DEFAULT NULL,
  `athl_weight` float DEFAULT NULL,
  `athl_email` varchar(45) NOT NULL,
  `athl_phone` varchar(45) DEFAULT NULL,
  `account` varchar(45) NOT NULL,
  `password` varchar(45) NOT NULL,
  `city` varchar(120) DEFAULT NULL,
  `country` varchar(120) DEFAULT NULL,
  PRIMARY KEY (`athl_id`)
) ENGINE=InnoDB AUTO_INCREMENT=1010 DEFAULT CHARSET=utf8mb4 COLLATE=utf8mb4_0900_ai_ci;
/*!40101 SET character_set_client = @saved_cs_client */;

--
-- Dumping data for table `athletes`
--

LOCK TABLES `athletes` WRITE;
/*!40000 ALTER TABLE `athletes` DISABLE KEYS */;
INSERT INTO `athletes` VALUES (1,'Sibella','Vasquez','Female','2014-03-26','1784 Ridge Oak Point',178,245,'svasquez0@unblog.fr','884-279-1746','svasquez0','fGFAdWKK','Newmarket','France'),(2,'Agnella','Mayzes','Female','1989-06-08','09848 East Center',188,340,'amayzes1@va.gov','647-376-6074','amayzes1','WwD4SIfw','Gialo','England'),(3,'Farah','Mallan','Female','2018-02-11','9 Boyd Avenue',154,151,'fmallan2@netscape.com','497-114-5336','fmallan2','YceECQH','Fermont','England'),(4,'Griffin','Fishpool','Male','2017-02-13','4 Graceland Road',250,284,'gfishpool3@xrea.com','342-902-1159','gfishpool3','o75Pl0Lm0','Pont-Audemer','Spain'),(5,'Janessa','Beckenham','Female','1982-02-24','1 Waywood Terrace',197,303,'jbeckenham4@apple.com','450-745-1278','jbeckenham4','1HZT5e','Teykovo','Spain'),(6,'Thaine','Ewbanks','Male','2007-02-15','709 Morrow Avenue',150,222,'tewbanks5@homestead.com','767-277-8502','tewbanks5','lljYjwsIA','Eshan','Spain'),(7,'Stoddard','MacWhan','Female','2015-03-24','7712 Glendale Drive',222,333,'smacwhan6@usatoday.com','877-269-5076','smacwhan6','j93TonmB9LK','Chabany','Canada'),(8,'Graehme','Crumby','Male','2009-06-08','124 Sullivan Drive',176,125,'gcrumby7@prlog.org','719-499-7775','gcrumby7','4alcZZ5It','Wakimachi','Spain'),(9,'Lyndel','Sexten','Female','1982-08-11','45346 Karstens Avenue',250,172,'lsexten8@about.com','678-638-7227','lsexten8','uKq8wW4H2','Comrat','Canada'),(10,'Andrej','Franzonetti','Male','2008-11-20','76687 Bluejay Lane',226,148,'afranzonetti9@feedburner.com','216-865-8414','afranzonetti9','WedaVQW9s','Sandviken','England'),(11,'Aluin','Pendle','Male','2009-03-22','7 Kipling Alley',235,251,'apendlea@wp.com','192-931-0101','apendlea','ZJrItBfgG','Triesenberg','Canada'),(12,'Garner','Pudner','Male','1984-10-09','28860 Pennsylvania Park',174,241,'gpudnerb@tinyurl.com','156-692-2555','gpudnerb','syPLfU','Aravissós','England'),(13,'Chaddy','Yeudall','Male','2015-02-05','060 Forest Dale Pass',179,208,'cyeudallc@stanford.edu','573-652-8231','cyeudallc','VvTsAyELIm','Kalunan','Spain'),(14,'Wylie','Haxell','Male','2013-07-21','7 Coleman Alley',164,134,'whaxelld@technorati.com','478-902-8236','whaxelld','5kwmsEFBey8V','Lazdijai','Canada'),(15,'Lyndel','Gilchriest','Female','2017-10-19','656 Melvin Park',191,285,'lgilchrieste@123-reg.co.uk','702-829-1615','lgilchrieste','CfaVAV','Ar Rujum','France'),(16,'Lorene','Motten','Female','2013-11-21','18308 Helena Drive',178,349,'lmottenf@sakura.ne.jp','765-795-5870','lmottenf','h67nlaaX','Santa Maria','England'),(17,'Worthington','Ghidelli','Male','2018-11-14','334 Porter Court',194,182,'wghidellig@skype.com','955-187-2732','wghidellig','vvtiXf7phh','Kalmar','Spain'),(18,'Byron','Woodhead','Male','2016-05-08','24 Little Fleur Hill',249,116,'bwoodheadh@vkontakte.ru','501-813-1559','bwoodheadh','EgdLS7AwE','Kushnarënkovo','Spain'),(19,'Gratiana','Pozzi','Female','1981-05-15','3993 Summer Ridge Alley',235,316,'gpozzii@desdev.cn','808-269-8979','gpozzii','CRtnZa9ixW','Zelenodolsk','France'),(20,'Hubert','Grimoldby','Male','1990-10-26','3968 Harper Crossing',160,349,'hgrimoldbyj@mtv.com','672-604-7684','hgrimoldbyj','rc88PkyuYVJs','Francisco Villa','Spain'),(21,'Lin','Wynett','Female','1991-03-29','73661 Comanche Terrace',173,259,'lwynettk@bravesites.com','497-172-4129','lwynettk','iEHx2w','Benoy','Spain'),(22,'Misha','Grewer','Female','1989-10-10','289 Hallows Pass',153,267,'mgrewerl@omniture.com','763-788-5680','mgrewerl','wBqCV1fqjo','Nangka','England'),(23,'Suzi','Kelsow','Female','2009-04-02','82344 Spohn Way',150,257,'skelsowm@zimbio.com','853-278-7864','skelsowm','Nx8HN3BJUZ','Hanyū','Canada'),(24,'Jo','Ahlin','Male','2004-06-21','872 Sunnyside Road',166,181,'jahlinn@jiathis.com','938-316-9871','jahlinn','vEzx07GhtQs','Orocué','Spain'),(25,'Johna','Knath','Female','1992-10-26','07 Roxbury Hill',186,315,'jknatho@feedburner.com','523-131-7925','jknatho','C34skOQD','Skrwilno','England'),(26,'Rene','Clooney','Female','2016-11-19','4 Jay Hill',195,106,'rclooneyp@cnet.com','342-865-9160','rclooneyp','Hb8ZZSW','Ponta Grossa','Canada'),(27,'Talbert','Hopkyns','Male','2001-01-02','9 Eggendart Lane',193,180,'thopkynsq@mit.edu','912-276-3840','thopkynsq','95yXronMiXDb','Ellinikó','Spain'),(28,'Humfrid','MacPeice','Male','1997-03-23','3612 Pearson Street',152,135,'hmacpeicer@eventbrite.com','876-476-6697','hmacpeicer','YlTi70ZT1K','Huangtian','Canada'),(29,'Townie','Campling','Male','1983-02-26','0788 Morningstar Parkway',220,256,'tcamplings@netvibes.com','560-744-9955','tcamplings','TzqCJLc','Sol’tsy','Spain'),(30,'Laureen','Justis','Female','2016-12-23','222 Del Sol Street',185,167,'ljustist@businessweek.com','260-326-0779','ljustist','vgA942oCHzfq','Jinqiao','Canada'),(31,'Jamesy','Coltan','Male','1981-12-07','9410 Evergreen Way',192,180,'jcoltanu@sourceforge.net','808-272-0766','jcoltanu','AloatG6','Nowogard','Spain'),(32,'Kimmie','Langton','Female','2001-03-12','503 Acker Court',241,197,'klangtonv@apache.org','423-900-2106','klangtonv','9jUuMQbdO','Calachuchi','Canada'),(33,'Esther','Cockell','Female','1990-12-02','66733 Caliangt Crossing',168,219,'ecockellw@goo.ne.jp','141-363-3120','ecockellw','6bIDGn41BmK','Liuche','France'),(34,'Justine','McKeveney','Female','1991-07-06','39223 Shopko Parkway',196,186,'jmckeveneyx@blogs.com','587-476-1626','jmckeveneyx','viDHsqq','Qiziltepa Shahri','England'),(35,'Thia','Sedman','Female','2006-02-09','551 Mayfield Park',165,181,'tsedmany@imgur.com','756-910-2647','tsedmany','qzC28IxVGO7','Guaporé','Canada'),(36,'Dominica','Meryett','Female','1989-12-23','3311 Mendota Hill',178,345,'dmeryettz@ustream.tv','280-169-6075','dmeryettz','eIRmSZvf','Japeri','Canada'),(37,'Meaghan','Rowlatt','Female','2019-08-04','58 Carberry Lane',218,249,'mrowlatt10@nasa.gov','790-259-6094','mrowlatt10','UcgzvWkZh','Baranusa','France'),(38,'Angelo','Cosson','Male','1999-06-17','33356 Trailsway Park',245,253,'acosson11@mysql.com','310-935-4764','acosson11','yTBtyEXCgTX','Liufu','Spain'),(39,'Min','Ebbage','Female','1999-04-21','0 Schurz Center',240,211,'mebbage12@shareasale.com','372-860-4355','mebbage12','imvsSj','Mislak','England'),(40,'Daloris','MacArthur','Female','1986-02-07','5 Arkansas Plaza',158,347,'dmacarthur13@microsoft.com','856-155-4527','dmacarthur13','BV3getqV','David','Spain'),(41,'Celestyn','McAulay','Female','2011-12-30','07267 Shasta Center',183,175,'cmcaulay14@list-manage.com','954-392-9245','cmcaulay14','6HCJa7nM1wb','Changtan','England'),(42,'Beryl','Dybell','Female','2015-07-03','7243 Larry Point',209,344,'bdybell15@webmd.com','178-329-9989','bdybell15','UeHAzD1Oxvo4','Buzuluk','Canada'),(43,'Stanford','Wilsdon','Male','1997-06-01','69290 Bunker Hill Center',249,172,'swilsdon16@ox.ac.uk','912-755-2890','swilsdon16','WLEavN0','Yanzhou','Canada'),(44,'Irina','MacMeanma','Female','2018-11-03','11865 Caliangt Plaza',223,339,'imacmeanma17@furl.net','533-665-1646','imacmeanma17','j9ZPv2bdL6','Gaoqiao','Canada'),(45,'Minnaminnie','Gianetti','Female','2002-06-25','534 Stoughton Circle',194,302,'mgianetti18@sphinn.com','371-562-2913','mgianetti18','TR142V','Bantilan','France'),(46,'Waite','Keighley','Male','1998-06-26','1 Buena Vista Junction',213,237,'wkeighley19@github.com','179-277-9682','wkeighley19','MXmacj','Dukuh Kaler','Spain'),(47,'Charlotte','Amort','Female','2000-04-05','4 Lotheville Plaza',237,253,'camort1a@spotify.com','809-426-5422','camort1a','qJUYOkzJqA','Liquan Chengguanzhen','England'),(48,'Avictor','Curbishley','Male','1999-04-06','6318 Northport Way',240,224,'acurbishley1b@sfgate.com','424-106-0102','acurbishley1b','ubxubZ','Ibrā’','Canada'),(49,'Willabella','Trenholm','Female','1999-08-10','84921 5th Center',185,277,'wtrenholm1c@nhs.uk','712-728-3690','wtrenholm1c','lgKUuA4q','Guangyubao','England'),(50,'Georgeta','Keele','Female','2004-04-17','77553 Anderson Court',152,244,'gkeele1d@wikispaces.com','144-903-7545','gkeele1d','xI8On4AgUI','Juiz de Fora','Canada'),(51,'Kermy','Stanton','Male','1982-07-17','72427 Canary Junction',236,285,'kstanton1e@surveymonkey.com','941-459-9431','kstanton1e','RKQNyXUOear','Trondheim','France'),(52,'Keri','Pitcaithly','Female','1999-11-13','04 East Hill',234,266,'kpitcaithly1f@networkadvertising.org','461-162-0764','kpitcaithly1f','KYxRElwB','Jõgeva','Canada'),(53,'Hoebart','Howsan','Male','2016-09-09','276 Crescent Oaks Court',195,280,'hhowsan1g@timesonline.co.uk','295-860-6047','hhowsan1g','btTyZJ','Ágios Athanásios','Spain'),(54,'Marilin','Merner','Female','2009-08-13','21719 Loftsgordon Circle',150,210,'mmerner1h@umn.edu','556-267-8580','mmerner1h','WrJGw8G7h5','Nanhai','Spain'),(55,'Fancy','Von Oertzen','Female','2006-11-21','5802 Hoffman Street',214,107,'fvonoertzen1i@archive.org','303-498-0471','fvonoertzen1i','i5OFfoNDekNZ','Danville','Canada'),(56,'Porter','Franies','Male','1990-01-10','6 Buell Point',217,221,'pfranies1j@nydailynews.com','860-647-5269','pfranies1j','oX8LxRKr506K','Kitale','Spain'),(57,'Meridith','Brash','Female','1990-07-17','305 School Crossing',153,236,'mbrash1k@unblog.fr','419-707-7312','mbrash1k','fPHqnKBv','Paraty','England'),(58,'Reamonn','Jakubowsky','Male','1993-08-13','765 Declaration Court',219,280,'rjakubowsky1l@gravatar.com','513-847-0300','rjakubowsky1l','RJOUjubV3','Uniejów','Spain'),(59,'Clevey','Collick','Male','1996-12-11','09711 Westridge Parkway',160,255,'ccollick1m@senate.gov','278-756-4993','ccollick1m','kg8tLs6xpg5','Nariño','France'),(60,'Lena','Buckby','Female','2014-12-08','7009 Meadow Valley Center',185,201,'lbuckby1n@netvibes.com','205-683-8348','lbuckby1n','Wv7qQzxcu','Beselga','France'),(61,'Xenos','Kempston','Male','1986-05-12','7379 Becker Lane',198,328,'xkempston1o@paginegialle.it','329-464-8679','xkempston1o','OZ25AX','Wau','Spain'),(62,'Beverlie','Earland','Female','2013-12-09','63 Continental Avenue',196,161,'bearland1p@nyu.edu','451-276-3217','bearland1p','k8tVUSM4Fb1','Guijalo','Canada'),(63,'Knox','MacMillan','Male','2006-11-07','78 Nobel Lane',158,258,'kmacmillan1q@blogtalkradio.com','853-629-7740','kmacmillan1q','6txPQuEbDI','Rudnyy','France'),(64,'Damaris','Wikey','Female','1993-11-26','963 Lien Avenue',240,147,'dwikey1r@yahoo.co.jp','906-504-0983','dwikey1r','MAjBovYI341','Al Bahlūlīyah','Canada'),(65,'Aaron','Kimmerling','Male','1986-11-03','0 Kennedy Crossing',244,181,'akimmerling1s@gov.uk','941-711-6834','akimmerling1s','WZsYlyH9','Jorok Dalam','England'),(66,'Hort','Keasy','Male','1981-04-16','7388 Morrow Court',196,299,'hkeasy1t@indiegogo.com','627-801-6211','hkeasy1t','ISKj29l6c','Dugu','Spain'),(67,'Gaspard','Jamrowicz','Male','2003-05-09','6 Dawn Street',224,277,'gjamrowicz1u@slashdot.org','603-747-4272','gjamrowicz1u','sVInU7','Pyt-Yakh','England'),(68,'Shay','Comfort','Female','2012-04-04','8 Del Mar Drive',221,101,'scomfort1v@reference.com','272-641-6967','scomfort1v','AXP2HyC','Yirga ‘Alem','England'),(69,'Jenny','Driussi','Female','1983-06-25','6 Fremont Center',185,150,'jdriussi1w@google.ru','752-103-7671','jdriussi1w','rtjiQVrfktq','Paris 07','England'),(70,'Kristen','Milillo','Female','1996-10-24','1 Onsgard Terrace',234,343,'kmilillo1x@prnewswire.com','794-957-6839','kmilillo1x','5WSTKxDeORYM','Chirkey','France'),(71,'Rorie','Twopenny','Female','2012-03-08','1 Steensland Junction',235,112,'rtwopenny1y@scientificamerican.com','412-185-3484','rtwopenny1y','8rTvZ0','Jikamshi','Canada'),(72,'Adora','Pattesall','Female','2016-02-11','155 Derek Plaza',178,172,'apattesall1z@tumblr.com','864-224-8750','apattesall1z','AyXmXEzGmXy','Al Aḩmadī','France'),(73,'Dorothee','Harhoff','Female','1987-07-22','781 Lighthouse Bay Hill',232,208,'dharhoff20@biblegateway.com','477-189-6716','dharhoff20','zMSCwNN67','Kondangrege','France'),(74,'Katrine','Cushworth','Female','1985-04-10','97 High Crossing Center',154,210,'kcushworth21@cnet.com','810-419-6723','kcushworth21','BVtSRmWb','Calimita','England'),(75,'Jodee','Beggi','Female','1998-10-07','31 Columbus Park',213,100,'jbeggi22@nasa.gov','979-189-3611','jbeggi22','40TOekhAi2','Sobral','Canada'),(76,'Jessi','McGibbon','Female','1997-04-06','8 Monica Plaza',207,290,'jmcgibbon23@msn.com','238-839-2259','jmcgibbon23','Uk7wQQZDKZ','Longaví','Spain'),(77,'Rosie','MacNair','Female','1996-03-19','8342 Burrows Avenue',205,118,'rmacnair24@vk.com','382-843-7978','rmacnair24','NDI7DxD6qW','Digne-les-Bains','England'),(78,'Filia','Fitton','Female','2017-01-26','0 Crescent Oaks Center',154,218,'ffitton25@wsj.com','935-270-8255','ffitton25','cxoLrSK','Duobaoshan','Canada'),(79,'Kingston','Huller','Male','1988-10-14','475 Holmberg Hill',156,136,'khuller26@hostgator.com','127-940-3842','khuller26','NfOuyWkwC','Obrenovac','Canada'),(80,'Nomi','Ikins','Female','1994-12-01','6695 Truax Plaza',193,168,'nikins27@si.edu','124-743-8287','nikins27','Z2GFT91','Voi','France'),(81,'Alic','McCaffery','Male','2001-08-18','62515 Tony Pass',180,203,'amccaffery28@liveinternet.ru','823-823-4785','amccaffery28','bdYfFge','Halmstad','France'),(82,'Pincus','Beardon','Male','1984-02-28','56481 Ronald Regan Plaza',236,298,'pbeardon29@netlog.com','925-133-4654','pbeardon29','JjyU98','Leiyang','Canada'),(83,'Hephzibah','O\'Geaney','Female','2010-11-13','01724 Westport Circle',224,126,'hogeaney2a@yahoo.co.jp','119-989-9536','hogeaney2a','HNPlqfsWE','Dugongan','Canada'),(84,'Maggie','Claussen','Female','2019-03-26','83808 Mendota Center',200,209,'mclaussen2b@cloudflare.com','879-378-9261','mclaussen2b','BJRYmUGM4E','Metchosin','France'),(85,'Ulrika','Gillott','Female','1994-08-30','0515 6th Point',202,288,'ugillott2c@icio.us','786-532-5943','ugillott2c','nY0bcITe1','Rama','England'),(86,'Minne','McGinn','Female','2019-09-26','8 Macpherson Pass',238,127,'mmcginn2d@dmoz.org','725-208-7939','mmcginn2d','Bbp6YWkv','Dalsjöfors','Canada'),(87,'Brier','Ajam','Female','1986-12-29','97482 Manufacturers Crossing',206,274,'bajam2e@time.com','925-475-4644','bajam2e','2ojo35e','Staroshcherbinovskaya','Spain'),(88,'Nicol','Fattorini','Male','2015-03-06','902 Delladonna Hill',210,222,'nfattorini2f@t-online.de','200-147-9134','nfattorini2f','YQHEcxLWOq','Botigues','Canada'),(89,'Etty','Fenty','Female','1993-09-17','33 Eagan Place',234,106,'efenty2g@columbia.edu','212-699-2143','efenty2g','zi1Fuelw','Sapernoye','France'),(90,'Billye','Nand','Female','1990-07-26','21993 Crescent Oaks Center',235,329,'bnand2h@yelp.com','449-280-7548','bnand2h','STLS8x5rh','Värnamo','France'),(91,'Elsi','Meckiff','Female','2003-09-07','66 Cordelia Center',161,137,'emeckiff2i@smh.com.au','318-777-8628','emeckiff2i','V7UkLQeeXU','Narawayong','France'),(92,'Leandra','Metzke','Female','2007-11-02','9 Northview Circle',198,316,'lmetzke2j@goo.gl','186-819-7155','lmetzke2j','hvGnRo04lH','Jönköping','Canada'),(93,'Aime','Shadrach','Female','1996-11-03','0415 Parkside Pass',210,246,'ashadrach2k@youtu.be','674-922-7354','ashadrach2k','z6HV8v0LlDAr','Fuan','France'),(94,'Klement','Greenhall','Male','1995-12-30','73 Hanover Lane',185,208,'kgreenhall2l@cloudflare.com','518-987-4957','kgreenhall2l','H9EEkAgU3d7','Hluboká nad Vltavou','Spain'),(95,'Hazlett','Parcells','Male','2018-05-06','38 Tennessee Alley',200,180,'hparcells2m@geocities.jp','648-500-0473','hparcells2m','J5B6YR5Y6NzW','Yangqiaodian','France'),(96,'Caryl','Stonall','Male','1986-08-05','245 Rockefeller Trail',217,331,'cstonall2n@usatoday.com','145-521-9334','cstonall2n','Hb67PzaU','Krasnaye','Spain'),(97,'Lyndsie','Kyles','Female','1990-03-05','7 Forest Lane',225,172,'lkyles2o@xing.com','762-263-9860','lkyles2o','QJlo9xu9o','Kwikila','Spain'),(98,'Gillian','Melhuish','Female','2012-07-31','6 Judy Trail',190,229,'gmelhuish2p@flickr.com','612-437-0847','gmelhuish2p','WunVdR','Marialva','Canada'),(99,'Adrea','Leith','Female','2013-08-02','46173 Artisan Drive',174,301,'aleith2q@usgs.gov','368-117-6410','aleith2q','OUp51N','Santa Ana','England'),(100,'Harmon','Garrow','Male','1985-01-30','95814 2nd Street',167,211,'hgarrow2r@prnewswire.com','170-998-0384','hgarrow2r','Zq4Alq','Tangkanpulit','Spain'),(1008,'admin','admin','admin','2000-01-01','admin',123,431,'admin@stg.net','admin','adminUser','adminUser','Vancouver','City'),(1009,'admin','admin','admin','2000-01-01','admin',123,431,'admin@stg.net','admin','adminUser2','adminUser','Vancouver','City');
/*!40000 ALTER TABLE `athletes` ENABLE KEYS */;
UNLOCK TABLES;

--
-- Table structure for table `career`
--

DROP TABLE IF EXISTS `career`;
/*!40101 SET @saved_cs_client     = @@character_set_client */;
 SET character_set_client = utf8mb4 ;
CREATE TABLE `career` (
  `career_id` int(11) NOT NULL AUTO_INCREMENT,
  `position` varchar(45) DEFAULT NULL,
  `startDate` date DEFAULT NULL,
  `endDate` date DEFAULT NULL,
  `isCurrent` tinyint(4) DEFAULT NULL,
  `fk_sports_id` int(11) DEFAULT NULL,
  PRIMARY KEY (`career_id`),
  KEY `fk_sports_id_idx` (`fk_sports_id`),
  CONSTRAINT `fk_sports_id` FOREIGN KEY (`fk_sports_id`) REFERENCES `sports` (`sports_id`)
) ENGINE=InnoDB DEFAULT CHARSET=utf8mb4 COLLATE=utf8mb4_0900_ai_ci;
/*!40101 SET character_set_client = @saved_cs_client */;

--
-- Dumping data for table `career`
--

LOCK TABLES `career` WRITE;
/*!40000 ALTER TABLE `career` DISABLE KEYS */;
/*!40000 ALTER TABLE `career` ENABLE KEYS */;
UNLOCK TABLES;

--
-- Table structure for table `club_like`
--

DROP TABLE IF EXISTS `club_like`;
/*!40101 SET @saved_cs_client     = @@character_set_client */;
 SET character_set_client = utf8mb4 ;
CREATE TABLE `club_like` (
  `club_like_id` int(11) NOT NULL AUTO_INCREMENT,
  `fk_club_id` int(11) NOT NULL,
  `fk_athl_id` int(11) NOT NULL,
  `date` datetime DEFAULT NULL,
  `isLiked` tinyint(4) NOT NULL,
  PRIMARY KEY (`club_like_id`),
  KEY `fk_club_like_athl_id_idx` (`fk_athl_id`),
  KEY `fk_club_like_club_id_idx` (`fk_club_id`),
  CONSTRAINT `fk_club_like_athl_id` FOREIGN KEY (`fk_athl_id`) REFERENCES `athletes` (`athl_id`),
  CONSTRAINT `fk_club_like_club_id` FOREIGN KEY (`fk_club_id`) REFERENCES `clubs` (`club_id`)
) ENGINE=InnoDB AUTO_INCREMENT=5 DEFAULT CHARSET=utf8mb4 COLLATE=utf8mb4_0900_ai_ci;
/*!40101 SET character_set_client = @saved_cs_client */;

--
-- Dumping data for table `club_like`
--

LOCK TABLES `club_like` WRITE;
/*!40000 ALTER TABLE `club_like` DISABLE KEYS */;
INSERT INTO `club_like` VALUES (1,1,1,'2019-10-18 07:00:00',1),(2,2,1,'2019-10-18 08:00:00',0),(3,1,3,'2019-10-18 07:00:00',1),(4,2,3,'2019-10-18 07:00:00',1);
/*!40000 ALTER TABLE `club_like` ENABLE KEYS */;
UNLOCK TABLES;

--
-- Table structure for table `club_mgr`
--

DROP TABLE IF EXISTS `club_mgr`;
/*!40101 SET @saved_cs_client     = @@character_set_client */;
 SET character_set_client = utf8mb4 ;
CREATE TABLE `club_mgr` (
  `mgr_id` int(11) NOT NULL AUTO_INCREMENT,
  `mgr_fname` varchar(45) DEFAULT NULL,
  `mgr_lname` varchar(45) DEFAULT NULL,
  `mgr_email` varchar(45) DEFAULT NULL,
  `mgr_phone` varchar(45) DEFAULT NULL,
  `fk_clubs_id` int(11) DEFAULT NULL,
  `mgr_account` varchar(45) DEFAULT NULL,
  `mgr_password` varchar(45) NOT NULL,
  PRIMARY KEY (`mgr_id`),
  KEY `fk_clubs_id_idx` (`fk_clubs_id`),
  CONSTRAINT `fk_clubs_id` FOREIGN KEY (`fk_clubs_id`) REFERENCES `clubs` (`club_id`)
) ENGINE=InnoDB AUTO_INCREMENT=11 DEFAULT CHARSET=utf8mb4 COLLATE=utf8mb4_0900_ai_ci;
/*!40101 SET character_set_client = @saved_cs_client */;

--
-- Dumping data for table `club_mgr`
--

LOCK TABLES `club_mgr` WRITE;
/*!40000 ALTER TABLE `club_mgr` DISABLE KEYS */;
INSERT INTO `club_mgr` VALUES (1,'Fania','Feldharker','ffeldharker0@ucsd.edu','783-232-6165',1,'ffeldharker0','zadicVF'),(2,'Nicole','Reignard','nreignard1@fc2.com','819-151-8367',2,'nreignard1','Vuhi9IWV9ic'),(3,'Orion','Wilfing','owilfing2@chronoengine.com','314-464-6496',3,'owilfing2','6OgFX0'),(4,'Taylor','Cleyne','tcleyne3@spiegel.de','151-218-5449',4,'tcleyne3','riMf9epn'),(5,'Sybyl','Lehr','slehr4@bbc.co.uk','933-451-6041',5,'slehr4','Ttdo1x'),(6,'Dylan','Burgoine','dburgoine5@nih.gov','911-947-5271',6,'dburgoine5','O4ur1F'),(7,'Clyve','Beinke','cbeinke6@goo.ne.jp','970-707-0839',7,'cbeinke6','ImI8dUBtX'),(8,'Linn','Du Fray','ldufray7@seattletimes.com','291-766-6518',8,'ldufray7','xQ9zmcD'),(9,'fname','lname','email','phone',12,'testClubMgr3','testClubMgr'),(10,'fname','lname','email','phone',13,'testClubMgr4','testClubMgr');
/*!40000 ALTER TABLE `club_mgr` ENABLE KEYS */;
UNLOCK TABLES;

--
-- Table structure for table `clubs`
--

DROP TABLE IF EXISTS `clubs`;
/*!40101 SET @saved_cs_client     = @@character_set_client */;
 SET character_set_client = utf8mb4 ;
CREATE TABLE `clubs` (
  `club_id` int(11) NOT NULL AUTO_INCREMENT,
  `club_name` varchar(45) DEFAULT NULL,
  `club_size` varchar(45) DEFAULT NULL,
  `club_status` varchar(45) DEFAULT NULL,
  `club_url` varchar(45) DEFAULT NULL,
  `club_contact` varchar(45) DEFAULT NULL,
  `fk_sports_id` int(11) DEFAULT NULL,
  `street_name` varchar(120) DEFAULT NULL,
  `city` varchar(120) DEFAULT NULL,
  `country` varchar(120) DEFAULT NULL,
  PRIMARY KEY (`club_id`),
  KEY `fk_clubs_sports_id_idx` (`fk_sports_id`),
  CONSTRAINT `fk_clubs_sports_id` FOREIGN KEY (`fk_sports_id`) REFERENCES `sports` (`sports_id`)
) ENGINE=InnoDB AUTO_INCREMENT=14 DEFAULT CHARSET=utf8mb4 COLLATE=utf8mb4_0900_ai_ci;
/*!40101 SET character_set_client = @saved_cs_client */;

--
-- Dumping data for table `clubs`
--

LOCK TABLES `clubs` WRITE;
/*!40000 ALTER TABLE `clubs` DISABLE KEYS */;
INSERT INTO `clubs` VALUES (1,'Liverpool','Large','Vacant','www.liverpoolfc.com','448-200-5881',1,'Ridgeview','London','England'),(2,'Manchester United','Full','Vacant','www.manchesterunited.com','823-854-9027',1,'Manchester','Manchester','England'),(3,'Paris-St.Germain','Full','Vacant','www.parisgermain.com','545-481-9779',1,'fleur de tois','Paris','France'),(4,'Vancouver Whitecaps','Large','Vacant','www.whitecaps.com','186-879-3340',1,'smithe','Vancouver','Canada'),(5,'TorontoFC','Medium','Full','www.torontofc.com','241-129-5070',1,'gilberts','Toronto','Canada'),(6,'Montreal Impact','Medium','Vacant','www.montrealimpact.com','323-130-1013',1,'Little Fleum','Montreal','Canada'),(7,'Ottawa Fury','Medium','Vacant','www.ottawafury.com','433-170-9065',1,'Springview','Ottowa','Canada'),(8,'Manchester City','Large','Vacant','www.manchestercity.com','410-626-9611',1,'Vera','Manchester','England'),(9,'Real Madrid','Large','Vacant','www.realmadridfc.com','869-398-0491',1,'Novick','Madrid','Spain'),(10,'test Soccer Club','size','vacant','testData.com','contact',1,'street','city','country'),(11,'test Soccer Club2','size','vacant','testData.com','contact',1,'street','city','country'),(12,'test Soccer Club2','size','vacant','testData.com','contact',1,'street','city','country'),(13,'test Soccer Club2','size','vacant','testData.com','contact',1,'street','city','country');
/*!40000 ALTER TABLE `clubs` ENABLE KEYS */;
UNLOCK TABLES;

--
-- Table structure for table `offers`
--

DROP TABLE IF EXISTS `offers`;
/*!40101 SET @saved_cs_client     = @@character_set_client */;
 SET character_set_client = utf8mb4 ;
CREATE TABLE `offers` (
  `offer_id` int(11) NOT NULL AUTO_INCREMENT,
  `offer_position` varchar(45) DEFAULT NULL,
  `offer_amount` varchar(45) DEFAULT NULL,
  `offer_desc` varchar(400) DEFAULT NULL,
  `offer_photo` varchar(45) DEFAULT NULL,
  `offer_types` varchar(45) DEFAULT NULL,
  `offer_length` varchar(45) DEFAULT NULL,
  `fk_club_id` int(11) DEFAULT NULL,
  `offer_title` varchar(45) DEFAULT NULL,
  PRIMARY KEY (`offer_id`),
  KEY `fk_clubs_id_idx` (`fk_club_id`),
  CONSTRAINT `fk_club_id` FOREIGN KEY (`fk_club_id`) REFERENCES `clubs` (`club_id`)
) ENGINE=InnoDB AUTO_INCREMENT=623 DEFAULT CHARSET=utf8mb4 COLLATE=utf8mb4_0900_ai_ci;
/*!40101 SET character_set_client = @saved_cs_client */;

--
-- Dumping data for table `offers`
--

LOCK TABLES `offers` WRITE;
/*!40000 ALTER TABLE `offers` DISABLE KEYS */;
INSERT INTO `offers` VALUES (1,'GK','1000000','Goal Keeper for 6 years','test','A','6',1,'Goal Keeper Contract'),(2,'RF','800000','Right Fullback for 3 years','test','B','6',2,'Right Fullback Contract'),(3,'LF','700000','Left Fullback for 2 years','test','C','6',3,'Left Fullback Contract'),(4,'DM','600000','Defending Midfielder for 4 years','test','B','6',4,'Defending Midfielder Contract'),(5,'RM','650000','Right Midfielder for 3 years','test','C','6',5,'Right Midfielder Contract'),(6,'RW','550000','Right Winger for 4 years','test','C','6',6,'Right Winger Contract'),(7,'RW','500000','Right Winger for 3 years','test','C','6',6,'Right Winger Contract'),(8,'CM','560000','Central Midfielder for 3 years','test','B','6',7,'Central Midfielder Contract'),(9,'BM','750000','Box-to-Box Midfielder for 6 years','test','B','6',7,'Box-to-Box Midfielder Contract'),(10,'SK','680000','Striker for 6 years','test','B','6',8,'Striker Contract'),(11,'AM','660000','Attacking Midfielder for 5 years','test','A','6',9,'Attacking Midfielder Contract'),(12,'AP','590000','Attacking Playmaker for 3 years','test','C','6',9,'Attacking Midfielder Contract'),(13,'LM','780000','Left Midfielder for 8 years','test','A','6',4,'Left Midfielder Contract'),(14,'LW','670000','Left Wingers for 7 years','test','A','6',5,'Left Wingers Contract'),(15,'GK','770000','Goalkeeper for 6 years','test','A','6',3,'Goalkeeper Contract'),(16,'GK','670000','Goalkeeper for 6 years','test','A','6',2,'Goalkeeper Contract'),(17,'DM','700000','Defending  Midfielder for 7 years','test','A','6',1,'Defending  Midfielder Contract'),(18,'CB','680000','Center Back for 6 years','test','A','6',2,'Center Back Contract'),(19,'HM','760000','Holding Midfielder for 7 years','test','A','6',4,'Holding Midfielder Contract'),(20,'SK','780000','Striker for 8 years','test','A','6',5,'Striker Contract'),(21,'LW','$107417.94','nisi venenatis tristique fusce','eclash8b@hexun.com',NULL,NULL,4,'Left Wingers Contract'),(22,'LW','$208567.81','mus vivamus vestibulum sagittis sapien','ntripet0@delicious.com',NULL,NULL,5,'Left Wingers Contract'),(23,'LW','$219959.75','sapien quis libero nullam','afarn1@linkedin.com',NULL,NULL,7,'Left Wingers Contract'),(24,'LM','$191360.21','proin leo odio porttitor id','sasplin2@shinystat.com',NULL,NULL,1,'Left Midfielder Contract'),(25,'LW','$68916.17','massa quis augue luctus tincidunt nulla mollis','gwillmot3@shutterfly.com',NULL,NULL,4,'Left Wingers Contract'),(26,'LW','$304108.43','nec molestie sed justo pellentesque viverra','mmacdonnell4@nhs.uk',NULL,NULL,2,'Left Wingers Contract'),(27,'AP','$87256.62','sapien non mi integer ac neque','abudding5@bloomberg.com',NULL,NULL,2,'Attacking Midfielder Contract'),(28,'LW','$115502.09','luctus et ultrices posuere cubilia curae','rfegan6@linkedin.com',NULL,NULL,7,'Left Wingers Contract'),(29,'LM','$242683.87','lobortis convallis tortor risus dapibus','schalder7@ning.com',NULL,NULL,1,'Left Midfielder Contract'),(30,'BM','$168456.65','phasellus sit amet erat nulla','rnancarrow8@paypal.com',NULL,NULL,5,'Box-to-box Midfielder Contract'),(31,'LW','$130720.25','dolor morbi vel lectus in quam','mennever9@ft.com',NULL,NULL,1,'Left Wingers Contract'),(32,'LW','$218108.77','lobortis ligula sit amet eleifend','sextalla@tamu.edu',NULL,NULL,3,'Left Wingers Contract'),(33,'LW','$239730.44','lacus at velit vivamus vel','apuckerb@soundcloud.com',NULL,NULL,2,'Left Wingers Contract'),(34,'LW','$369784.74','ultrices posuere cubilia curae donec pharetra magna','awanec@cocolog-nifty.com',NULL,NULL,4,'Left Wingers Contract'),(35,'AP','$350586.71','commodo vulputate justo in blandit','sbrimelowd@ebay.co.uk',NULL,NULL,6,'Attacking Midfielder Contract'),(36,'LW','$324871.32','lorem id ligula suspendisse ornare consequat lectus','vbriscame@google.co.jp',NULL,NULL,7,'Left Wingers Contract'),(37,'LM','$250210.63','quam pede lobortis ligula sit amet','vcallenderf@hc360.com',NULL,NULL,2,'Left Midfielder Contract'),(38,'LW','$288095.69','sit amet turpis elementum ligula vehicula','skevisg@omniture.com',NULL,NULL,1,'Left Wingers Contract'),(39,'LW','$298297.75','vehicula condimentum curabitur in','mtrunkfieldh@creativecommons.org',NULL,NULL,1,'Left Wingers Contract'),(40,'RM','$224016.67','purus sit amet nulla quisque arcu','nyearsleyi@imgur.com',NULL,NULL,9,'Right Midfielder Contract'),(41,'LW','$381607.35','venenatis lacinia aenean sit amet','ehardwickej@parallels.com',NULL,NULL,5,'Left Wingers Contract'),(42,'SK','$171945.16','mi pede malesuada in','nsizzeyk@adobe.com',NULL,NULL,5,'Striker Contract'),(43,'SK','$215731.69','blandit ultrices enim lorem ipsum dolor','msaerl@alexa.com',NULL,NULL,9,'Striker Contract'),(44,'AP','$32462.88','amet sem fusce consequat','ctamsettm@go.com',NULL,NULL,3,'Attacking Midfielder Contract'),(45,'AP','$356874.39','quisque erat eros viverra eget','epamplinn@goo.ne.jp',NULL,NULL,8,'Attacking Midfielder Contract'),(46,'LW','$232451.68','ornare consequat lectus in est risus','ccissono@blogs.com',NULL,NULL,5,'Left Wingers Contract'),(47,'AP','$296285.59','placerat praesent blandit nam nulla integer','qpaulssonp@google.co.jp',NULL,NULL,1,'Attacking Midfielder Contract'),(48,'BM','$177817.90','pulvinar lobortis est phasellus sit amet','jpeschkeq@chronoengine.com',NULL,NULL,3,'Box-to-box Midfielder Contract'),(49,'LW','$245230.17','convallis eget eleifend luctus ultricies','ydoorbarr@accuweather.com',NULL,NULL,1,'Left Wingers Contract'),(50,'LW','$44900.33','duis ac nibh fusce lacus purus','ktrewarthas@1und1.de',NULL,NULL,5,'Left Wingers Contract'),(51,'LM','$180106.21','ligula nec sem duis aliquam convallis','ulambertit@google.fr',NULL,NULL,3,'Left Midfielder Contract'),(52,'LW','$319889.88','vestibulum ante ipsum primis in','btregidgau@blogspot.com',NULL,NULL,9,'Left Wingers Contract'),(53,'LW','$350015.54','nulla mollis molestie lorem quisque','covendalev@goo.ne.jp',NULL,NULL,8,'Left Wingers Contract'),(54,'LW','$56144.71','mauris non ligula pellentesque ultrices phasellus','ksalzbergerw@blinklist.com',NULL,NULL,9,'Left Wingers Contract'),(55,'LW','$266364.80','mauris lacinia sapien quis libero nullam','bfrantzenix@wikipedia.org',NULL,NULL,7,'Left Wingers Contract'),(56,'SK','$386748.62','habitasse platea dictumst maecenas ut massa quis','ofishbourny@nbcnews.com',NULL,NULL,5,'Striker Contract'),(57,'LW','$131395.40','ultrices posuere cubilia curae donec pharetra magna','ewormaldz@mlb.com',NULL,NULL,1,'Left Wingers Contract'),(58,'LM','$226532.60','mattis pulvinar nulla pede ullamcorper','bgleder10@bizjournals.com',NULL,NULL,6,'Left Midfielder Contract'),(59,'LM','$144185.40','ac nulla sed vel enim sit amet','rhammerman11@tiny.cc',NULL,NULL,4,'Left Midfielder Contract'),(60,'AP','$346464.34','phasellus id sapien in sapien iaculis congue','hselman12@wunderground.com',NULL,NULL,6,'Attacking Midfielder Contract'),(61,'LM','$357295.74','odio elementum eu interdum eu tincidunt in','lazemar13@ask.com',NULL,NULL,8,'Left Midfielder Contract'),(62,'LW','$244069.81','quisque porta volutpat erat quisque erat','gwilfinger14@jigsy.com',NULL,NULL,2,'Left Wingers Contract'),(63,'LM','$167574.67','tellus nulla ut erat id','ssiseland15@ow.ly',NULL,NULL,1,'Left Midfielder Contract'),(64,'LW','$351047.65','nunc vestibulum ante ipsum primis','aloader16@nationalgeographic.com',NULL,NULL,2,'Left Wingers Contract'),(65,'LW','$63147.19','eget nunc donec quis orci eget orci','ialtimas17@symantec.com',NULL,NULL,3,'Left Wingers Contract'),(66,'LM','$394512.21','sit amet sapien dignissim vestibulum vestibulum ante','mcornborough18@ibm.com',NULL,NULL,9,'Left Midfielder Contract'),(67,'RM','$239727.05','sapien sapien non mi','eharlick19@friendfeed.com',NULL,NULL,4,'Right Midfielder Contract'),(68,'AP','$251587.80','nulla pede ullamcorper augue a','asoldan1a@home.pl',NULL,NULL,9,'Attacking Midfielder Contract'),(69,'LW','$281327.54','maecenas tincidunt lacus at velit vivamus vel','norht1b@360.cn',NULL,NULL,4,'Left Wingers Contract'),(70,'LW','$247222.07','venenatis tristique fusce congue diam','pbullar1c@toplist.cz',NULL,NULL,7,'Left Wingers Contract'),(71,'LW','$365265.70','sit amet lobortis sapien sapien','mlittell1d@ucoz.com',NULL,NULL,5,'Left Wingers Contract'),(72,'LM','$388669.92','ut suscipit a feugiat et','rgrumble1e@google.com.br',NULL,NULL,2,'Left Midfielder Contract'),(73,'LW','$102914.06','quisque erat eros viverra eget congue eget','cjamme1f@theatlantic.com',NULL,NULL,2,'Left Wingers Contract'),(74,'LW','$352406.28','erat nulla tempus vivamus in felis eu','ftuminelli1g@infoseek.co.jp',NULL,NULL,1,'Left Wingers Contract'),(75,'LW','$160739.66','massa volutpat convallis morbi odio','tzeplin1h@cnet.com',NULL,NULL,2,'Left Wingers Contract'),(76,'LM','$259170.70','donec vitae nisi nam ultrices','jriguard1i@spiegel.de',NULL,NULL,2,'Left Midfielder Contract'),(77,'AM','$188863.38','sed accumsan felis ut at dolor','acoste1j@buzzfeed.com',NULL,NULL,2,'Attacking Midfielder Contract'),(78,'LW','$40882.86','libero non mattis pulvinar nulla pede ullamcorper','criolfi1k@reddit.com',NULL,NULL,3,'Left Wingers Contract'),(79,'LW','$303838.00','ac neque duis bibendum','ktinwell1l@hugedomains.com',NULL,NULL,5,'Left Wingers Contract'),(80,'LW','$219242.39','pede malesuada in imperdiet et commodo','dblance1m@plala.or.jp',NULL,NULL,6,'Left Wingers Contract'),(81,'AP','$124341.16','pulvinar sed nisl nunc rhoncus dui','hbice1n@studiopress.com',NULL,NULL,1,'Attacking Midfielder Contract'),(82,'SK','$211737.17','ultrices vel augue vestibulum ante ipsum primis','rgoldspink1o@sphinn.com',NULL,NULL,4,'Striker Contract'),(83,'AM','$101620.42','est donec odio justo sollicitudin','gtanslie1p@reference.com',NULL,NULL,9,'Attacking Midfielder Contract'),(84,'LM','$189146.63','ante ipsum primis in faucibus orci luctus','ehallut1q@paypal.com',NULL,NULL,5,'Left Midfielder Contract'),(85,'LW','$396075.97','vestibulum rutrum rutrum neque','ngiordano1r@scribd.com',NULL,NULL,1,'Left Wingers Contract'),(86,'AP','$276770.20','velit donec diam neque vestibulum','mmattea1s@godaddy.com',NULL,NULL,3,'Attacking Midfielder Contract'),(87,'LM','$352559.17','nec condimentum neque sapien','jackerley1t@marketwatch.com',NULL,NULL,8,'Left Midfielder Contract'),(88,'LM','$264724.99','quam a odio in','gkerrey1u@ftc.gov',NULL,NULL,7,'Left Midfielder Contract'),(89,'AP','$139043.66','aliquet pulvinar sed nisl nunc rhoncus','jrunnicles1v@weather.com',NULL,NULL,2,'Attacking Midfielder Contract'),(90,'AP','$47229.34','condimentum neque sapien placerat ante nulla justo','ncaulwell1w@cyberchimps.com',NULL,NULL,1,'Attacking Midfielder Contract'),(91,'LM','$232278.04','ultrices vel augue vestibulum ante ipsum primis','jpawley1x@ebay.com',NULL,NULL,2,'Left Midfielder Contract'),(92,'LW','$114165.25','justo pellentesque viverra pede','dgoolding1y@wikipedia.org',NULL,NULL,9,'Left Wingers Contract'),(93,'LW','$108919.77','rutrum at lorem integer tincidunt','dhrycek1z@nbcnews.com',NULL,NULL,5,'Left Wingers Contract'),(94,'LW','$103925.23','proin leo odio porttitor id consequat in','bdisman20@unicef.org',NULL,NULL,7,'Left Wingers Contract'),(95,'LM','$355433.86','mauris morbi non lectus aliquam sit','jhiddsley21@technorati.com',NULL,NULL,4,'Left Midfielder Contract'),(96,'LW','$197359.35','id ornare imperdiet sapien urna pretium nisl','vshevlin22@apache.org',NULL,NULL,5,'Left Wingers Contract'),(97,'LM','$49991.79','quis turpis eget elit sodales scelerisque','awakeham23@thetimes.co.uk',NULL,NULL,3,'Left Midfielder Contract'),(98,'LW','$92191.51','non mattis pulvinar nulla pede ullamcorper','fconeybeer24@usnews.com',NULL,NULL,4,'Left Wingers Contract'),(99,'LM','$307775.41','non velit donec diam neque vestibulum eget','aleversuch25@biglobe.ne.jp',NULL,NULL,2,'Left Midfielder Contract'),(100,'AP','$134571.95','in hac habitasse platea dictumst','kknowlman26@vk.com',NULL,NULL,8,'Attacking Midfielder Contract'),(101,'LW','$83744.29','luctus et ultrices posuere','jlongmaid27@blogtalkradio.com',NULL,NULL,8,'Left Wingers Contract'),(102,'LW','$273344.60','a nibh in quis justo maecenas','cderington28@umn.edu',NULL,NULL,1,'Left Wingers Contract'),(103,'LW','$240421.17','magna at nunc commodo','mszymanek29@marketwatch.com',NULL,NULL,4,'Left Wingers Contract'),(104,'AP','$391391.41','venenatis non sodales sed tincidunt eu felis','kgerardi2a@timesonline.co.uk',NULL,NULL,3,'Attacking Midfielder Contract'),(105,'LM','$349974.80','in faucibus orci luctus et','kmoulster2b@marketwatch.com',NULL,NULL,1,'Left Midfielder Contract'),(106,'LM','$166539.05','turpis integer aliquet massa id','dgarnam2c@quantcast.com',NULL,NULL,4,'Left Midfielder Contract'),(107,'AM','$88084.11','sapien arcu sed augue aliquam erat','rlaurenty2d@naver.com',NULL,NULL,2,'Attacking Midfielder Contract'),(108,'LW','$306664.50','maecenas tincidunt lacus at velit vivamus','cgirodin2e@mail.ru',NULL,NULL,5,'Left Wingers Contract'),(109,'LM','$323460.83','eget congue eget semper rutrum nulla','jlydiard2f@flickr.com',NULL,NULL,1,'Left Midfielder Contract'),(110,'AM','$106479.30','mauris ullamcorper purus sit','rtafani2g@dmoz.org',NULL,NULL,6,'Attacking Midfielder Contract'),(111,'LW','$374443.68','donec vitae nisi nam ultrices libero non','smerrell2h@bizjournals.com',NULL,NULL,2,'Left Wingers Contract'),(112,'LW','$245185.15','elit proin interdum mauris non ligula','njagg2i@slideshare.net',NULL,NULL,2,'Left Wingers Contract'),(113,'AM','$202304.30','purus eu magna vulputate luctus','gmcquillan2j@timesonline.co.uk',NULL,NULL,9,'Attacking Midfielder Contract'),(114,'LM','$397491.57','nulla suscipit ligula in lacus curabitur at','mpridie2k@cdbaby.com',NULL,NULL,3,'Left Midfielder Contract'),(115,'LM','$50219.54','condimentum curabitur in libero','clanmeid2l@woothemes.com',NULL,NULL,5,'Left Midfielder Contract'),(116,'LW','$293276.15','enim lorem ipsum dolor sit amet consectetuer','vgrimble2m@imageshack.us',NULL,NULL,1,'Left Wingers Contract'),(117,'AP','$123085.74','orci vehicula condimentum curabitur in libero ut','prosnau2n@ustream.tv',NULL,NULL,2,'Attacking Midfielder Contract'),(118,'AM','$81704.88','congue etiam justo etiam pretium iaculis','omatherson2o@slideshare.net',NULL,NULL,7,'Attacking Midfielder Contract'),(119,'LW','$342232.04','justo etiam pretium iaculis justo in hac','cpraton2p@army.mil',NULL,NULL,6,'Left Wingers Contract'),(120,'LW','$272141.95','in faucibus orci luctus','mhaire2q@cisco.com',NULL,NULL,2,'Left Wingers Contract'),(121,'LM','$236107.52','eget vulputate ut ultrices vel augue','sgrier2r@shutterfly.com',NULL,NULL,2,'Left Midfielder Contract'),(122,'LM','$127912.89','ipsum praesent blandit lacinia erat vestibulum sed','calcido2s@army.mil',NULL,NULL,9,'Left Midfielder Contract'),(123,'LW','$32990.96','felis sed lacus morbi','mmilby2t@geocities.com',NULL,NULL,7,'Left Wingers Contract'),(124,'LW','$302677.42','scelerisque mauris sit amet','bfippe2u@hibu.com',NULL,NULL,7,'Left Wingers Contract'),(125,'LW','$221512.55','nec nisi volutpat eleifend donec','rmarchello2v@bloomberg.com',NULL,NULL,8,'Left Wingers Contract'),(126,'LM','$201384.66','diam in magna bibendum','sjakoubec2w@ycombinator.com',NULL,NULL,5,'Left Midfielder Contract'),(127,'AP','$270640.75','neque aenean auctor gravida sem praesent','ccottis2x@springer.com',NULL,NULL,3,'Attacking Midfielder Contract'),(128,'AP','$223311.88','justo maecenas rhoncus aliquam','bthieme2y@bloomberg.com',NULL,NULL,7,'Attacking Midfielder Contract'),(129,'LM','$66434.47','interdum venenatis turpis enim blandit mi in','mbraiden2z@blogs.com',NULL,NULL,6,'Left Midfielder Contract'),(130,'LW','$394399.57','montes nascetur ridiculus mus etiam vel augue','bpickett30@ebay.co.uk',NULL,NULL,5,'Left Wingers Contract'),(131,'AM','$165362.09','mauris non ligula pellentesque ultrices','ssyalvester31@sciencedaily.com',NULL,NULL,4,'Attacking Midfielder Contract'),(132,'AP','$210539.01','dui proin leo odio porttitor id consequat','fricardot32@economist.com',NULL,NULL,9,'Attacking Midfielder Contract'),(133,'AP','$107850.61','vestibulum sagittis sapien cum sociis natoque penatibus','mhindenburg33@adobe.com',NULL,NULL,6,'Attacking Midfielder Contract'),(134,'LM','$134961.65','quis augue luctus tincidunt nulla mollis','fmacneachtain34@psu.edu',NULL,NULL,9,'Left Midfielder Contract'),(135,'LW','$385421.12','accumsan tortor quis turpis','bgooderson35@skype.com',NULL,NULL,7,'Left Wingers Contract'),(136,'LW','$362311.59','nulla suspendisse potenti cras','kthebeau36@usnews.com',NULL,NULL,6,'Left Wingers Contract'),(137,'LW','$86165.02','mauris non ligula pellentesque','swarratt37@shareasale.com',NULL,NULL,9,'Left Wingers Contract'),(138,'AP','$325309.36','turpis integer aliquet massa id lobortis convallis','ifretson38@moonfruit.com',NULL,NULL,9,'Attacking Midfielder Contract'),(139,'SK','$94015.14','blandit nam nulla integer pede justo lacinia','dmacconnal39@slashdot.org',NULL,NULL,8,'Striker Contract'),(140,'LW','$166427.85','aliquam erat volutpat in congue','ghavock3a@ftc.gov',NULL,NULL,7,'Left Wingers Contract'),(141,'SK','$63717.93','in felis donec semper','imars3b@google.it',NULL,NULL,3,'Striker Contract'),(142,'LM','$280737.91','duis ac nibh fusce','wbrettoner3c@csmonitor.com',NULL,NULL,2,'Left Midfielder Contract'),(143,'LW','$397119.32','sagittis nam congue risus semper porta volutpat','bfairney3d@theglobeandmail.com',NULL,NULL,2,'Left Wingers Contract'),(144,'LW','$57662.98','quis justo maecenas rhoncus aliquam','pblaza3e@walmart.com',NULL,NULL,6,'Left Wingers Contract'),(145,'LW','$129479.45','hac habitasse platea dictumst','msilverlock3f@elpais.com',NULL,NULL,1,'Left Wingers Contract'),(146,'LW','$375106.00','mattis odio donec vitae nisi','fskyrm3g@goo.ne.jp',NULL,NULL,8,'Left Wingers Contract'),(147,'LW','$83046.96','ultrices vel augue vestibulum ante ipsum primis','shelbeck3h@dropbox.com',NULL,NULL,6,'Left Wingers Contract'),(148,'AM','$346099.93','lobortis est phasellus sit','rwalhedd3i@ameblo.jp',NULL,NULL,4,'Attacking Midfielder Contract'),(149,'LW','$107050.40','dui vel sem sed sagittis','lempleton3j@bloglines.com',NULL,NULL,3,'Left Wingers Contract'),(150,'LW','$218365.33','faucibus orci luctus et','bagglione3k@sun.com',NULL,NULL,4,'Left Wingers Contract'),(151,'LM','$46333.91','non velit donec diam neque','mlabrenz3l@fda.gov',NULL,NULL,6,'Left Midfielder Contract'),(152,'LM','$72752.61','et ultrices posuere cubilia curae','hganforth3m@ycombinator.com',NULL,NULL,8,'Left Midfielder Contract'),(153,'AP','$370252.92','pede justo lacinia eget','mlamerton3n@wufoo.com',NULL,NULL,6,'Attacking Midfielder Contract'),(154,'LW','$232426.69','nam tristique tortor eu','ebyforth3o@digg.com',NULL,NULL,4,'Left Wingers Contract'),(155,'LM','$196853.75','nam nulla integer pede justo','amuress3p@walmart.com',NULL,NULL,2,'Left Midfielder Contract'),(156,'LM','$197380.34','ac est lacinia nisi venenatis','awillbraham3q@google.ru',NULL,NULL,9,'Left Midfielder Contract'),(157,'LW','$298057.43','tellus semper interdum mauris ullamcorper purus','abresman3r@tiny.cc',NULL,NULL,1,'Left Wingers Contract'),(158,'LW','$86854.91','vivamus vestibulum sagittis sapien cum','sachrameev3s@whitehouse.gov',NULL,NULL,5,'Left Wingers Contract'),(159,'LM','$284129.82','ut rhoncus aliquet pulvinar','tbereford3t@tamu.edu',NULL,NULL,6,'Left Midfielder Contract'),(160,'AM','$370594.94','curabitur at ipsum ac tellus semper','cshirer3u@usatoday.com',NULL,NULL,9,'Attacking Midfielder Contract'),(161,'LM','$136631.08','ultrices posuere cubilia curae duis faucibus','jloughton3v@booking.com',NULL,NULL,4,'Left Midfielder Contract'),(162,'LW','$332735.95','iaculis justo in hac habitasse platea','mbrookwell3w@ning.com',NULL,NULL,7,'Left Wingers Contract'),(163,'LW','$111932.80','convallis tortor risus dapibus','ksivell3x@narod.ru',NULL,NULL,7,'Left Wingers Contract'),(164,'LW','$340712.64','ut nunc vestibulum ante ipsum primis in','cbodle3y@imageshack.us',NULL,NULL,6,'Left Wingers Contract'),(165,'LW','$123138.85','pellentesque viverra pede ac diam cras','vcocci3z@independent.co.uk',NULL,NULL,9,'Left Wingers Contract'),(166,'LM','$314487.83','maecenas rhoncus aliquam lacus','wcristol40@blinklist.com',NULL,NULL,4,'Left Midfielder Contract'),(167,'CM','$256439.10','donec quis orci eget orci vehicula condimentum','mmapplethorpe41@360.cn',NULL,NULL,6,'Center Midfielder Contract'),(168,'AM','$368018.40','neque libero convallis eget eleifend luctus','opail42@reuters.com',NULL,NULL,9,'Attacking Midfielder Contract'),(169,'LW','$361671.03','integer pede justo lacinia eget','nmunkton43@facebook.com',NULL,NULL,4,'Left Wingers Contract'),(170,'LW','$339799.41','nibh quisque id justo','cbrik44@edublogs.org',NULL,NULL,2,'Left Wingers Contract'),(171,'LW','$131035.81','lacinia sapien quis libero','rcavy45@delicious.com',NULL,NULL,2,'Left Wingers Contract'),(172,'LM','$177877.41','ac diam cras pellentesque volutpat dui maecenas','ijaulmes46@merriam-webster.com',NULL,NULL,9,'Left Midfielder Contract'),(173,'LM','$293910.43','nunc donec quis orci eget orci','dcaffery47@netvibes.com',NULL,NULL,1,'Left Midfielder Contract'),(174,'LM','$92265.40','amet nulla quisque arcu libero rutrum ac','achessum48@cdc.gov',NULL,NULL,6,'Left Midfielder Contract'),(175,'LW','$74938.64','lorem integer tincidunt ante','jtunstall49@aol.com',NULL,NULL,6,'Left Wingers Contract'),(176,'LW','$183193.68','interdum mauris non ligula pellentesque ultrices phasellus','rmacclinton4a@cnn.com',NULL,NULL,9,'Left Wingers Contract'),(177,'LW','$325761.49','ante nulla justo aliquam','clutz4b@jimdo.com',NULL,NULL,5,'Left Wingers Contract'),(178,'LW','$375454.55','at dolor quis odio consequat varius integer','gfleeming4c@netvibes.com',NULL,NULL,6,'Left Wingers Contract'),(179,'LM','$83792.49','neque duis bibendum morbi non','econnelly4d@stanford.edu',NULL,NULL,9,'Left Midfielder Contract'),(180,'LW','$182499.98','lectus pellentesque at nulla suspendisse','hgeely4e@java.com',NULL,NULL,4,'Left Wingers Contract'),(181,'SK','$293882.76','natoque penatibus et magnis','chuffer4f@wix.com',NULL,NULL,1,'Striker Contract'),(182,'LW','$310376.43','nisl duis bibendum felis sed interdum venenatis','dburdge4g@java.com',NULL,NULL,9,'Left Wingers Contract'),(183,'LM','$386702.13','pellentesque ultrices phasellus id sapien in','lhook4h@nih.gov',NULL,NULL,9,'Left Midfielder Contract'),(184,'LW','$310848.29','non sodales sed tincidunt eu felis','abrazel4i@ask.com',NULL,NULL,7,'Left Wingers Contract'),(185,'LW','$114675.17','vel nisl duis ac nibh fusce','kdoble4j@t.co',NULL,NULL,4,'Left Wingers Contract'),(186,'LM','$182097.20','proin risus praesent lectus vestibulum quam','mdaynter4k@cbsnews.com',NULL,NULL,6,'Left Midfielder Contract'),(187,'LW','$184495.03','erat curabitur gravida nisi at nibh','ctrussler4l@nasa.gov',NULL,NULL,8,'Left Wingers Contract'),(188,'LW','$147230.37','lacinia erat vestibulum sed magna at','rcristofori4m@seattletimes.com',NULL,NULL,7,'Left Wingers Contract'),(189,'LW','$173584.42','congue elementum in hac','selphinstone4n@tmall.com',NULL,NULL,4,'Left Wingers Contract'),(190,'RM','$325838.39','egestas metus aenean fermentum','kvarley4o@xinhuanet.com',NULL,NULL,6,'Right Midfielder Contract'),(191,'LW','$286150.92','dui maecenas tristique est et tempus','kpresdee4p@java.com',NULL,NULL,1,'Left Wingers Contract'),(192,'LW','$169081.68','sollicitudin vitae consectetuer eget rutrum at','ddewilde4q@360.cn',NULL,NULL,5,'Left Wingers Contract'),(193,'AM','$254816.39','diam vitae quam suspendisse potenti nullam porttitor','abygott4r@ifeng.com',NULL,NULL,4,'Attacking Midfielder Contract'),(194,'LW','$323072.55','posuere cubilia curae nulla','jgerrens4s@canalblog.com',NULL,NULL,3,'Left Wingers Contract'),(195,'LW','$265750.99','nisl nunc rhoncus dui vel','iceccoli4t@time.com',NULL,NULL,3,'Left Wingers Contract'),(196,'LW','$238946.44','vitae nisi nam ultrices','gscarf4u@sciencedirect.com',NULL,NULL,1,'Left Wingers Contract'),(197,'LW','$361453.84','a odio in hac habitasse platea','sughi4v@tinypic.com',NULL,NULL,4,'Left Wingers Contract'),(198,'LW','$141726.42','mauris eget massa tempor convallis nulla','sjolliss4w@canalblog.com',NULL,NULL,2,'Left Wingers Contract'),(199,'LW','$285392.58','pede venenatis non sodales','cgrisedale4x@sphinn.com',NULL,NULL,4,'Left Wingers Contract'),(200,'LW','$378290.88','felis sed lacus morbi sem','mhritzko4y@cnet.com',NULL,NULL,3,'Left Wingers Contract'),(201,'LW','$360103.14','lobortis convallis tortor risus','ccraigmile4z@youku.com',NULL,NULL,4,'Left Wingers Contract'),(202,'LW','$334966.66','at feugiat non pretium quis','hrobyns50@a8.net',NULL,NULL,5,'Left Wingers Contract'),(203,'LM','$218732.78','tincidunt lacus at velit vivamus vel','ohammerberger51@netlog.com',NULL,NULL,9,'Left Midfielder Contract'),(204,'LM','$315043.15','massa id nisl venenatis','cstetson52@seesaa.net',NULL,NULL,5,'Left Midfielder Contract'),(205,'LM','$341346.54','aenean sit amet justo morbi ut','cgarham53@irs.gov',NULL,NULL,2,'Left Midfielder Contract'),(206,'LW','$44527.34','consequat ut nulla sed accumsan felis ut','rmeletti54@mapy.cz',NULL,NULL,9,'Left Wingers Contract'),(207,'LW','$144032.22','iaculis congue vivamus metus','fnannizzi55@goo.ne.jp',NULL,NULL,1,'Left Wingers Contract'),(208,'AM','$202603.28','mauris non ligula pellentesque ultrices phasellus','mcasa56@nbcnews.com',NULL,NULL,6,'Attacking Midfielder Contract'),(209,'LW','$101530.18','penatibus et magnis dis parturient','wchesterfield57@hostgator.com',NULL,NULL,5,'Left Wingers Contract'),(210,'LW','$46120.99','integer ac leo pellentesque ultrices','jbelding58@networkadvertising.org',NULL,NULL,9,'Left Wingers Contract'),(211,'LW','$152516.05','convallis morbi odio odio','drumin59@ibm.com',NULL,NULL,8,'Left Wingers Contract'),(212,'LM','$156540.54','suspendisse potenti in eleifend','comolan5a@delicious.com',NULL,NULL,7,'Left Midfielder Contract'),(213,'LW','$324104.02','nulla mollis molestie lorem quisque','vbradtke5b@aol.com',NULL,NULL,3,'Left Wingers Contract'),(214,'LM','$249333.72','dapibus at diam nam tristique tortor','cfarra5c@freewebs.com',NULL,NULL,4,'Left Midfielder Contract'),(215,'LM','$203226.04','convallis nunc proin at turpis a','skirgan5d@chronoengine.com',NULL,NULL,6,'Left Midfielder Contract'),(216,'AP','$353385.53','faucibus cursus urna ut tellus nulla ut','gtomaselli5e@bigcartel.com',NULL,NULL,3,'Attacking Midfielder Contract'),(217,'LW','$383581.24','vulputate ut ultrices vel','rdeavall5f@themeforest.net',NULL,NULL,9,'Left Wingers Contract'),(218,'LM','$112627.36','nunc proin at turpis a pede','kdangerfield5g@spotify.com',NULL,NULL,8,'Left Midfielder Contract'),(219,'LW','$205792.93','pretium nisl ut volutpat sapien arcu','lgarmons5h@narod.ru',NULL,NULL,7,'Left Wingers Contract'),(220,'LM','$294461.00','turpis adipiscing lorem vitae mattis nibh ligula','yloges5i@google.com.hk',NULL,NULL,9,'Left Midfielder Contract'),(221,'LM','$41119.61','ut massa quis augue luctus tincidunt nulla','apendre5j@about.me',NULL,NULL,9,'Left Midfielder Contract'),(222,'LM','$283973.28','in lectus pellentesque at nulla suspendisse potenti','zblenkensop5k@elpais.com',NULL,NULL,7,'Left Midfielder Contract'),(223,'LW','$216586.32','sapien arcu sed augue aliquam erat volutpat','rmarrett5l@printfriendly.com',NULL,NULL,7,'Left Wingers Contract'),(224,'LW','$279281.66','nec molestie sed justo pellentesque','ncoaster5m@reference.com',NULL,NULL,6,'Left Wingers Contract'),(225,'AP','$259530.16','nunc nisl duis bibendum felis sed interdum','ecostigan5n@berkeley.edu',NULL,NULL,1,'Attacking Midfielder Contract'),(226,'LW','$317203.09','ut rhoncus aliquet pulvinar','mgonin5o@jiathis.com',NULL,NULL,5,'Left Wingers Contract'),(227,'LW','$279495.67','quis turpis sed ante','ehartridge5p@java.com',NULL,NULL,8,'Left Wingers Contract'),(228,'AP','$139294.94','rhoncus aliquam lacus morbi quis','gpetrak5q@youtube.com',NULL,NULL,6,'Attacking Midfielder Contract'),(229,'AP','$123007.19','varius integer ac leo pellentesque ultrices','bmurrock5r@columbia.edu',NULL,NULL,1,'Attacking Midfielder Contract'),(230,'LW','$169483.59','quis tortor id nulla ultrices aliquet','cspollen5s@ustream.tv',NULL,NULL,8,'Left Wingers Contract'),(231,'LW','$238244.31','ridiculus mus etiam vel augue','scritzen5t@plala.or.jp',NULL,NULL,8,'Left Wingers Contract'),(232,'LW','$184004.94','at feugiat non pretium quis lectus suspendisse','btoby5u@chicagotribune.com',NULL,NULL,9,'Left Wingers Contract'),(233,'LM','$364336.61','habitasse platea dictumst etiam faucibus','epyburn5v@google.cn',NULL,NULL,1,'Left Midfielder Contract'),(234,'LW','$253861.66','a pede posuere nonummy integer','bpetrelli5w@umn.edu',NULL,NULL,3,'Left Wingers Contract'),(235,'LW','$130374.35','consequat ut nulla sed accumsan','ebeddon5x@bigcartel.com',NULL,NULL,3,'Left Wingers Contract'),(236,'LW','$94751.93','sem fusce consequat nulla','beastridge5y@odnoklassniki.ru',NULL,NULL,3,'Left Wingers Contract'),(237,'LM','$48134.02','felis eu sapien cursus','fcardo5z@webs.com',NULL,NULL,3,'Left Midfielder Contract'),(238,'LW','$364768.94','felis sed lacus morbi sem mauris','gbrodie60@phpbb.com',NULL,NULL,9,'Left Wingers Contract'),(239,'LM','$64578.40','pede lobortis ligula sit amet','yskull61@is.gd',NULL,NULL,5,'Left Midfielder Contract'),(240,'AP','$200510.70','vivamus tortor duis mattis','wbahls62@list-manage.com',NULL,NULL,1,'Attacking Midfielder Contract'),(241,'LW','$147276.48','nulla mollis molestie lorem quisque','mkillik63@nhs.uk',NULL,NULL,5,'Left Wingers Contract'),(242,'AP','$219329.29','quam sollicitudin vitae consectetuer','bbottelstone64@go.com',NULL,NULL,7,'Attacking Midfielder Contract'),(243,'LM','$51803.32','ac tellus semper interdum mauris ullamcorper','ryeldham65@addthis.com',NULL,NULL,6,'Left Midfielder Contract'),(244,'LM','$170170.95','erat vestibulum sed magna at nunc','srutigliano66@drupal.org',NULL,NULL,3,'Left Midfielder Contract'),(245,'LW','$293650.20','dui vel sem sed sagittis','lhorley67@163.com',NULL,NULL,1,'Left Wingers Contract'),(246,'AP','$266895.01','praesent blandit lacinia erat vestibulum sed','kdifilippo68@toplist.cz',NULL,NULL,7,'Attacking Midfielder Contract'),(247,'LW','$342745.00','non pretium quis lectus','dtumility69@posterous.com',NULL,NULL,3,'Left Wingers Contract'),(248,'LW','$296875.43','quis lectus suspendisse potenti in eleifend','wschmidt6a@unblog.fr',NULL,NULL,1,'Left Wingers Contract'),(249,'LW','$279953.31','est et tempus semper est quam','btomes6b@umn.edu',NULL,NULL,8,'Left Wingers Contract'),(250,'LW','$311393.90','cubilia curae donec pharetra magna vestibulum','ajervis6c@usnews.com',NULL,NULL,3,'Left Wingers Contract'),(251,'LW','$133269.74','nisi volutpat eleifend donec ut dolor','shazzard6d@netscape.com',NULL,NULL,2,'Left Wingers Contract'),(252,'AP','$319423.83','platea dictumst maecenas ut massa','orieger6e@kickstarter.com',NULL,NULL,5,'Attacking Midfielder Contract'),(253,'AM','$230716.61','venenatis turpis enim blandit mi','bjosephi6f@fda.gov',NULL,NULL,9,'Attacking Midfielder Contract'),(254,'LM','$183896.44','odio in hac habitasse','rconquer6g@pinterest.com',NULL,NULL,4,'Left Midfielder Contract'),(255,'LW','$365644.91','mi in porttitor pede justo','kbenaharon6h@ning.com',NULL,NULL,5,'Left Wingers Contract'),(256,'LW','$310806.28','eget tempus vel pede morbi porttitor','fhawken6i@geocities.jp',NULL,NULL,2,'Left Wingers Contract'),(257,'LW','$144863.65','id ligula suspendisse ornare consequat lectus','cnuzzi6j@amazon.co.uk',NULL,NULL,2,'Left Wingers Contract'),(258,'LM','$344194.33','ante vel ipsum praesent blandit','mscrowston6k@ustream.tv',NULL,NULL,8,'Left Midfielder Contract'),(259,'LW','$396453.93','non ligula pellentesque ultrices phasellus id sapien','udymott6l@cornell.edu',NULL,NULL,9,'Left Wingers Contract'),(260,'LW','$386090.44','quis lectus suspendisse potenti in eleifend','kkersey6m@nature.com',NULL,NULL,5,'Left Wingers Contract'),(261,'LM','$264009.85','eu sapien cursus vestibulum','bodulchonta6n@de.vu',NULL,NULL,2,'Left Midfielder Contract'),(262,'AM','$272025.80','turpis donec posuere metus vitae','abartrop6o@amazon.com',NULL,NULL,9,'Attacking Midfielder Contract'),(263,'LW','$269044.52','sed sagittis nam congue risus semper','vdesorts6p@google.com.au',NULL,NULL,3,'Left Wingers Contract'),(264,'AP','$189398.16','vestibulum ante ipsum primis','dchasles6q@paginegialle.it',NULL,NULL,8,'Attacking Midfielder Contract'),(265,'AP','$280257.38','dictumst maecenas ut massa quis','hrosewall6r@shutterfly.com',NULL,NULL,2,'Attacking Midfielder Contract'),(266,'BM','$356315.92','tortor sollicitudin mi sit','eallberry6s@wiley.com',NULL,NULL,1,'Box-to-box Midfielder Contract'),(267,'LM','$335084.19','pretium quis lectus suspendisse potenti in eleifend','pcollick6t@prweb.com',NULL,NULL,4,'Left Midfielder Contract'),(268,'LW','$104399.99','vestibulum eget vulputate ut ultrices','cgoult6u@dagondesign.com',NULL,NULL,1,'Left Wingers Contract'),(269,'AM','$222973.97','leo odio condimentum id','dglandon6v@com.com',NULL,NULL,9,'Attacking Midfielder Contract'),(270,'LW','$255534.02','vestibulum sagittis sapien cum sociis natoque penatibus','achimes6w@sciencedaily.com',NULL,NULL,7,'Left Wingers Contract'),(271,'AP','$87974.57','aliquet pulvinar sed nisl nunc rhoncus','mchaulk6x@paginegialle.it',NULL,NULL,9,'Attacking Midfielder Contract'),(272,'LW','$353201.35','elementum ligula vehicula consequat','rhowsin6y@home.pl',NULL,NULL,4,'Left Wingers Contract'),(273,'LM','$372430.89','integer pede justo lacinia eget tincidunt eget','kgrzelczyk6z@imdb.com',NULL,NULL,2,'Left Midfielder Contract'),(274,'SK','$294693.98','sollicitudin vitae consectetuer eget rutrum','lsey70@ucla.edu',NULL,NULL,1,'Striker Contract'),(275,'LM','$149335.71','fusce posuere felis sed lacus morbi sem','csherwen71@shinystat.com',NULL,NULL,5,'Left Midfielder Contract'),(276,'LW','$236377.29','suspendisse accumsan tortor quis turpis sed','gsnelman72@whitehouse.gov',NULL,NULL,8,'Left Wingers Contract'),(277,'LW','$126973.96','libero non mattis pulvinar nulla pede','marthy73@ft.com',NULL,NULL,9,'Left Wingers Contract'),(278,'LW','$61472.15','ut rhoncus aliquet pulvinar','lkeats74@deviantart.com',NULL,NULL,2,'Left Wingers Contract'),(279,'LW','$269740.86','duis faucibus accumsan odio curabitur','tbroek75@unc.edu',NULL,NULL,9,'Left Wingers Contract'),(280,'LW','$34553.80','aliquet ultrices erat tortor sollicitudin mi','lmelmore76@cdbaby.com',NULL,NULL,7,'Left Wingers Contract'),(281,'BM','$42560.01','id massa id nisl','bnewark77@surveymonkey.com',NULL,NULL,8,'Box-to-box Midfielder Contract'),(282,'LW','$161762.85','lectus in est risus auctor sed','nklempke78@phpbb.com',NULL,NULL,1,'Left Wingers Contract'),(283,'RM','$194865.80','donec ut dolor morbi','tariss79@businessweek.com',NULL,NULL,2,'Right Midfielder Contract'),(284,'AP','$57616.97','tristique est et tempus semper','rpurselowe7a@freewebs.com',NULL,NULL,8,'Attacking Midfielder Contract'),(285,'AP','$320128.05','nunc rhoncus dui vel sem sed sagittis','lmckinna7b@geocities.jp',NULL,NULL,7,'Attacking Midfielder Contract'),(286,'AP','$350688.72','penatibus et magnis dis parturient','wnise7c@gizmodo.com',NULL,NULL,7,'Attacking Midfielder Contract'),(287,'LW','$194925.16','aliquet ultrices erat tortor sollicitudin mi sit','vcaltun7d@tiny.cc',NULL,NULL,1,'Left Wingers Contract'),(288,'LW','$252293.96','congue vivamus metus arcu adipiscing molestie hendrerit','crunciman7e@time.com',NULL,NULL,6,'Left Wingers Contract'),(289,'AM','$31284.23','est risus auctor sed tristique in tempus','cbetje7f@surveymonkey.com',NULL,NULL,6,'Attacking Midfielder Contract'),(290,'LW','$270611.69','montes nascetur ridiculus mus etiam vel','wmcglynn7g@msn.com',NULL,NULL,3,'Left Wingers Contract'),(291,'LM','$287993.40','aliquet at feugiat non pretium','jdibdale7h@google.com.br',NULL,NULL,7,'Left Midfielder Contract'),(292,'LW','$398579.71','ornare consequat lectus in est risus auctor','cleneham7i@elegantthemes.com',NULL,NULL,8,'Left Wingers Contract'),(293,'LM','$36691.34','proin risus praesent lectus vestibulum quam sapien','rrosewell7j@fda.gov',NULL,NULL,9,'Left Midfielder Contract'),(294,'LM','$90045.96','nec sem duis aliquam convallis nunc proin','rvalerio7k@ucoz.ru',NULL,NULL,9,'Left Midfielder Contract'),(295,'LW','$33391.03','primis in faucibus orci','pstihl7l@tiny.cc',NULL,NULL,5,'Left Wingers Contract'),(296,'LW','$373355.95','adipiscing molestie hendrerit at vulputate vitae','bmoorhead7m@examiner.com',NULL,NULL,4,'Left Wingers Contract'),(297,'SK','$265155.32','sodales scelerisque mauris sit amet eros','fcrotch7n@multiply.com',NULL,NULL,6,'Striker Contract'),(298,'AP','$66240.33','dictumst morbi vestibulum velit','ausher7o@cyberchimps.com',NULL,NULL,6,'Attacking Midfielder Contract'),(299,'LM','$272607.89','ligula pellentesque ultrices phasellus id','krahill7p@booking.com',NULL,NULL,3,'Left Midfielder Contract'),(300,'AP','$202572.39','mus etiam vel augue vestibulum rutrum','cbirchall7q@github.io',NULL,NULL,8,'Attacking Midfielder Contract'),(301,'AM','$326990.75','sem fusce consequat nulla nisl nunc','mtuttiett7r@reuters.com',NULL,NULL,8,'Attacking Midfielder Contract'),(302,'LW','$199366.47','ac est lacinia nisi venenatis','sbenedicto7s@washingtonpost.com',NULL,NULL,7,'Left Wingers Contract'),(303,'AM','$340509.91','turpis nec euismod scelerisque quam','thorsfield7t@netvibes.com',NULL,NULL,1,'Attacking Midfielder Contract'),(304,'LW','$97552.70','rutrum neque aenean auctor gravida','wbollans7u@shop-pro.jp',NULL,NULL,5,'Left Wingers Contract'),(305,'LM','$246439.96','ante vestibulum ante ipsum','rkirvin7v@jimdo.com',NULL,NULL,7,'Left Midfielder Contract'),(306,'AP','$106204.06','auctor sed tristique in','rgrimble7w@bandcamp.com',NULL,NULL,9,'Attacking Midfielder Contract'),(307,'LW','$113395.05','ac nulla sed vel','mlabrone7x@list-manage.com',NULL,NULL,9,'Left Wingers Contract'),(308,'LM','$201280.91','convallis nunc proin at','bmongeot7y@prlog.org',NULL,NULL,1,'Left Midfielder Contract'),(309,'AM','$172710.60','in faucibus orci luctus','bforsbey7z@huffingtonpost.com',NULL,NULL,1,'Attacking Midfielder Contract'),(310,'LW','$240072.63','vestibulum aliquet ultrices erat tortor','mabel80@nymag.com',NULL,NULL,3,'Left Wingers Contract'),(311,'LW','$42990.73','dolor morbi vel lectus in quam','rwoodford81@twitpic.com',NULL,NULL,1,'Left Wingers Contract'),(312,'LM','$364618.84','justo maecenas rhoncus aliquam lacus','jpolglaze82@opensource.org',NULL,NULL,8,'Left Midfielder Contract'),(313,'AM','$187920.14','tortor id nulla ultrices','cbaudinelli83@sourceforge.net',NULL,NULL,4,'Attacking Midfielder Contract'),(314,'CM','$245505.67','eu felis fusce posuere felis sed','vkestell84@skyrock.com',NULL,NULL,5,'Center Midfielder Contract'),(315,'LW','$116091.50','turpis a pede posuere','kritmeier85@topsy.com',NULL,NULL,4,'Left Wingers Contract'),(316,'LW','$165035.22','sapien iaculis congue vivamus','mmaybery86@g.co',NULL,NULL,3,'Left Wingers Contract'),(317,'LM','$35362.47','pellentesque at nulla suspendisse potenti','sclayson87@yahoo.co.jp',NULL,NULL,4,'Left Midfielder Contract'),(318,'LW','$160295.22','ut blandit non interdum in','jdaulton88@vistaprint.com',NULL,NULL,6,'Left Wingers Contract'),(319,'LW','$174489.39','odio in hac habitasse platea dictumst maecenas','ctizard89@ocn.ne.jp',NULL,NULL,2,'Left Wingers Contract'),(320,'AP','$303540.30','pede malesuada in imperdiet et commodo','tbursell8a@storify.com',NULL,NULL,5,'Attacking Midfielder Contract'),(321,'LW','$107417.94','nisi venenatis tristique fusce','eclash8b@hexun.com',NULL,NULL,4,'Left Wingers Contract'),(322,'LW','$65832.65','blandit ultrices enim lorem ipsum dolor','fdoughartie0@acquirethisname.com',NULL,NULL,5,'Left Wingers Contract'),(323,'LW','$65832.65','blandit ultrices enim lorem ipsum dolor','fdoughartie0@acquirethisname.com',NULL,NULL,5,'Left Wingers Contract'),(324,'LM','$323459.57','congue etiam justo etiam pretium iaculis justo','wnairy1@facebook.com',NULL,NULL,2,'Left Midfielder Contract'),(325,'LW','$361146.90','adipiscing molestie hendrerit at vulputate','jdobel2@blogtalkradio.com',NULL,NULL,3,'Left Wingers Contract'),(326,'LW','$197951.01','blandit non interdum in ante vestibulum ante','jkatzmann3@cnbc.com',NULL,NULL,9,'Left Wingers Contract'),(327,'AP','$162456.22','ac consequat metus sapien ut','lpena4@imdb.com',NULL,NULL,5,'Attacking Midfielder Contract'),(328,'LW','$45842.38','sed ante vivamus tortor duis mattis','mjouen5@shinystat.com',NULL,NULL,9,'Left Wingers Contract'),(329,'AM','$261266.00','maecenas pulvinar lobortis est phasellus','salessandrini6@businessweek.com',NULL,NULL,5,'Attacking Midfielder Contract'),(330,'LW','$392538.78','ligula pellentesque ultrices phasellus','dboshere7@marketwatch.com',NULL,NULL,9,'Left Wingers Contract'),(331,'LW','$380242.56','mauris eget massa tempor','gcollymore8@spiegel.de',NULL,NULL,3,'Left Wingers Contract'),(332,'LW','$311027.90','pellentesque viverra pede ac diam','kkeyworth9@twitter.com',NULL,NULL,8,'Left Wingers Contract'),(333,'BM','$128707.22','fusce congue diam id ornare imperdiet sapien','khughlanda@wikimedia.org',NULL,NULL,3,'Box-to-box Midfielder Contract'),(334,'AP','$363019.31','vestibulum ante ipsum primis in faucibus orci','tkhanb@uol.com.br',NULL,NULL,3,'Attacking Midfielder Contract'),(335,'LW','$317012.80','in sapien iaculis congue vivamus metus','ggarcesc@homestead.com',NULL,NULL,1,'Left Wingers Contract'),(336,'AP','$296795.77','accumsan tellus nisi eu','dwylied@booking.com',NULL,NULL,8,'Attacking Midfielder Contract'),(337,'LM','$115102.55','ullamcorper augue a suscipit nulla elit','dbosse@aboutads.info',NULL,NULL,1,'Left Midfielder Contract'),(338,'AP','$333944.24','dapibus duis at velit eu est congue','swakelamf@hubpages.com',NULL,NULL,9,'Attacking Midfielder Contract'),(339,'BM','$359432.32','nisl duis bibendum felis sed interdum','ndellortog@rambler.ru',NULL,NULL,1,'Box-to-box Midfielder Contract'),(340,'AP','$309285.80','donec dapibus duis at velit eu est','fiacopettih@uiuc.edu',NULL,NULL,7,'Attacking Midfielder Contract'),(341,'LW','$291267.46','nec nisi vulputate nonummy maecenas tincidunt lacus','aruddlei@ustream.tv',NULL,NULL,6,'Left Wingers Contract'),(342,'LW','$312293.93','vestibulum sit amet cursus id','sbeartupj@unicef.org',NULL,NULL,5,'Left Wingers Contract'),(343,'AP','$349172.01','nunc commodo placerat praesent blandit','twincklek@independent.co.uk',NULL,NULL,1,'Attacking Midfielder Contract'),(344,'LW','$211285.68','amet lobortis sapien sapien non mi','bminuccil@technorati.com',NULL,NULL,4,'Left Wingers Contract'),(345,'LM','$172496.85','interdum mauris non ligula pellentesque ultrices','dcrosem@sitemeter.com',NULL,NULL,7,'Left Midfielder Contract'),(346,'LW','$317493.77','vestibulum vestibulum ante ipsum primis in faucibus','wchaplynn@weibo.com',NULL,NULL,9,'Left Wingers Contract'),(347,'LW','$141825.58','ipsum primis in faucibus orci','mmowlamo@salon.com',NULL,NULL,5,'Left Wingers Contract'),(348,'LW','$236497.10','orci mauris lacinia sapien quis','cromanp@qq.com',NULL,NULL,1,'Left Wingers Contract'),(349,'LW','$304829.27','habitasse platea dictumst etiam faucibus cursus','gclausenq@auda.org.au',NULL,NULL,9,'Left Wingers Contract'),(350,'LW','$303087.30','quam nec dui luctus','bmowattr@merriam-webster.com',NULL,NULL,5,'Left Wingers Contract'),(351,'LM','$225272.19','morbi quis tortor id nulla','dryhorovichs@livejournal.com',NULL,NULL,1,'Left Midfielder Contract'),(352,'LW','$242257.27','diam vitae quam suspendisse potenti','mcoont@cbslocal.com',NULL,NULL,9,'Left Wingers Contract'),(353,'LW','$60748.08','diam cras pellentesque volutpat dui maecenas','thounsomu@mapquest.com',NULL,NULL,5,'Left Wingers Contract'),(354,'LW','$37869.55','in quam fringilla rhoncus','cwarrenerv@aol.com',NULL,NULL,2,'Left Wingers Contract'),(355,'LM','$90595.30','in hac habitasse platea dictumst morbi','trosebladew@google.com',NULL,NULL,8,'Left Midfielder Contract'),(356,'LW','$278989.44','eget orci vehicula condimentum curabitur in','gmattiessenx@fc2.com',NULL,NULL,9,'Left Wingers Contract'),(357,'LM','$144162.08','lacinia sapien quis libero nullam sit','rconkiey@google.cn',NULL,NULL,8,'Left Midfielder Contract'),(358,'LM','$257483.86','nunc donec quis orci eget','ocrickz@china.com.cn',NULL,NULL,8,'Left Midfielder Contract'),(359,'LM','$257066.73','vivamus vel nulla eget','jphair10@google.ca',NULL,NULL,9,'Left Midfielder Contract'),(360,'LW','$327775.63','eleifend quam a odio in','kpurnell11@joomla.org',NULL,NULL,2,'Left Wingers Contract'),(361,'LM','$344317.79','sit amet sapien dignissim vestibulum vestibulum ante','cagnolo12@weather.com',NULL,NULL,8,'Left Midfielder Contract'),(362,'LM','$185547.09','nibh in quis justo maecenas','cstuddeard13@netlog.com',NULL,NULL,7,'Left Midfielder Contract'),(363,'LW','$298772.62','etiam justo etiam pretium','gmcvicker14@gravatar.com',NULL,NULL,4,'Left Wingers Contract'),(364,'LW','$337605.74','luctus ultricies eu nibh quisque id justo','bspriggin15@mac.com',NULL,NULL,5,'Left Wingers Contract'),(365,'LW','$222895.61','dis parturient montes nascetur','cdilworth16@army.mil',NULL,NULL,7,'Left Wingers Contract'),(366,'LW','$325396.84','nulla facilisi cras non velit nec nisi','gcastagne17@diigo.com',NULL,NULL,6,'Left Wingers Contract'),(367,'CM','$217718.86','amet lobortis sapien sapien non mi','dhagyard18@mapquest.com',NULL,NULL,9,'Center Midfielder Contract'),(368,'LW','$201899.88','penatibus et magnis dis parturient','dmacmanus19@drupal.org',NULL,NULL,6,'Left Wingers Contract'),(369,'LW','$249067.95','posuere cubilia curae duis faucibus accumsan odio','rdoring1a@lycos.com',NULL,NULL,5,'Left Wingers Contract'),(370,'LW','$173619.87','lectus aliquam sit amet diam in magna','tsproat1b@imdb.com',NULL,NULL,7,'Left Wingers Contract'),(371,'LM','$43246.99','congue elementum in hac habitasse','eclemendot1c@biglobe.ne.jp',NULL,NULL,7,'Left Midfielder Contract'),(372,'LW','$118490.12','lobortis ligula sit amet eleifend','gchanning1d@oracle.com',NULL,NULL,1,'Left Wingers Contract'),(373,'LW','$272969.81','at velit vivamus vel nulla','rcutmore1e@sakura.ne.jp',NULL,NULL,2,'Left Wingers Contract'),(374,'AP','$126894.76','quisque ut erat curabitur','ifrake1f@opera.com',NULL,NULL,8,'Attacking Midfielder Contract'),(375,'LW','$375106.71','hac habitasse platea dictumst','crogeon1g@joomla.org',NULL,NULL,9,'Left Wingers Contract'),(376,'LM','$254477.90','et ultrices posuere cubilia curae donec','rmenault1h@miibeian.gov.cn',NULL,NULL,7,'Left Midfielder Contract'),(377,'LW','$303192.55','etiam pretium iaculis justo in','hcolten1i@vistaprint.com',NULL,NULL,7,'Left Wingers Contract'),(378,'LW','$126738.90','vivamus metus arcu adipiscing molestie hendrerit','mlewnden1j@mayoclinic.com',NULL,NULL,1,'Left Wingers Contract'),(379,'AP','$323153.42','ultrices enim lorem ipsum','jholdron1k@deliciousdays.com',NULL,NULL,5,'Attacking Midfielder Contract'),(380,'LW','$133499.53','orci mauris lacinia sapien quis','cballister1l@sohu.com',NULL,NULL,9,'Left Wingers Contract'),(381,'AP','$115927.30','pretium iaculis justo in hac habitasse','mshaplin1m@unc.edu',NULL,NULL,8,'Attacking Midfielder Contract'),(382,'AP','$284749.34','tempus vel pede morbi porttitor lorem','tspurier1n@europa.eu',NULL,NULL,8,'Attacking Midfielder Contract'),(383,'LW','$237382.75','adipiscing molestie hendrerit at','emessom1o@archive.org',NULL,NULL,3,'Left Wingers Contract'),(384,'LW','$111364.77','eu sapien cursus vestibulum proin eu mi','kmiddleton1p@marketwatch.com',NULL,NULL,5,'Left Wingers Contract'),(385,'LW','$247545.85','pellentesque viverra pede ac diam cras','wgomar1q@marriott.com',NULL,NULL,1,'Left Wingers Contract'),(386,'LM','$301690.26','augue vestibulum ante ipsum primis','rtreweke1r@tmall.com',NULL,NULL,3,'Left Midfielder Contract'),(387,'LM','$128640.85','volutpat erat quisque erat eros viverra eget','pstrickett1s@upenn.edu',NULL,NULL,2,'Left Midfielder Contract'),(388,'AP','$368434.71','ornare imperdiet sapien urna pretium','cpullin1t@fema.gov',NULL,NULL,5,'Attacking Midfielder Contract'),(389,'AP','$334483.93','morbi vel lectus in quam','esimkiss1u@ted.com',NULL,NULL,3,'Attacking Midfielder Contract'),(390,'AM','$119158.08','dapibus augue vel accumsan tellus nisi eu','lcrimmins1v@reuters.com',NULL,NULL,4,'Attacking Midfielder Contract'),(391,'LW','$133570.51','nisl venenatis lacinia aenean','obuddell1w@japanpost.jp',NULL,NULL,3,'Left Wingers Contract'),(392,'LW','$289887.32','at dolor quis odio consequat varius integer','hfrancescozzi1x@sfgate.com',NULL,NULL,9,'Left Wingers Contract'),(393,'LW','$344897.64','mi integer ac neque duis','ctosh1y@wikispaces.com',NULL,NULL,3,'Left Wingers Contract'),(394,'LW','$45588.62','congue elementum in hac habitasse platea','rantcliffe1z@webnode.com',NULL,NULL,9,'Left Wingers Contract'),(395,'LM','$101953.39','gravida sem praesent id','bcresswell20@fda.gov',NULL,NULL,8,'Left Midfielder Contract'),(396,'LM','$277613.05','morbi vel lectus in quam fringilla','jridder21@cnbc.com',NULL,NULL,9,'Left Midfielder Contract'),(397,'AM','$280203.98','consequat metus sapien ut nunc','lkasbye22@howstuffworks.com',NULL,NULL,1,'Attacking Midfielder Contract'),(398,'LW','$233380.44','fusce lacus purus aliquet at feugiat','mgayler23@zdnet.com',NULL,NULL,2,'Left Wingers Contract'),(399,'LM','$170035.92','sed interdum venenatis turpis enim','bivanenkov24@craigslist.org',NULL,NULL,9,'Left Midfielder Contract'),(400,'LM','$234202.67','tempus vel pede morbi','gbegley25@cnn.com',NULL,NULL,8,'Left Midfielder Contract'),(401,'LM','$70168.47','pellentesque ultrices mattis odio','gquilliam26@yellowbook.com',NULL,NULL,6,'Left Midfielder Contract'),(402,'LW','$287686.77','nulla pede ullamcorper augue a suscipit','gnewlan27@sourceforge.net',NULL,NULL,4,'Left Wingers Contract'),(403,'LW','$55151.09','in leo maecenas pulvinar lobortis est','vnoen28@chronoengine.com',NULL,NULL,2,'Left Wingers Contract'),(404,'LW','$130656.76','quam suspendisse potenti nullam porttitor lacus at','tpendrey29@washington.edu',NULL,NULL,1,'Left Wingers Contract'),(405,'AP','$250058.96','augue vel accumsan tellus nisi eu orci','jhenstridge2a@alibaba.com',NULL,NULL,2,'Attacking Midfielder Contract'),(406,'AP','$91458.20','morbi a ipsum integer a nibh in','vgosse2b@typepad.com',NULL,NULL,8,'Attacking Midfielder Contract'),(407,'AP','$91048.85','dolor sit amet consectetuer adipiscing elit proin','mottewell2c@mozilla.org',NULL,NULL,7,'Attacking Midfielder Contract'),(408,'LW','$342662.34','posuere cubilia curae nulla dapibus dolor','coller2d@ow.ly',NULL,NULL,4,'Left Wingers Contract'),(409,'LM','$153788.63','magna bibendum imperdiet nullam orci pede','nwarstall2e@microsoft.com',NULL,NULL,1,'Left Midfielder Contract'),(410,'LM','$169745.49','in faucibus orci luctus et ultrices','lcuming2f@pen.io',NULL,NULL,1,'Left Midfielder Contract'),(411,'AP','$165509.03','nunc viverra dapibus nulla suscipit','lferrara2g@tuttocitta.it',NULL,NULL,5,'Attacking Midfielder Contract'),(412,'LW','$153247.96','pellentesque eget nunc donec','kyakovl2h@lycos.com',NULL,NULL,4,'Left Wingers Contract'),(413,'LW','$255862.50','sit amet sapien dignissim vestibulum vestibulum ante','tpankhurst2i@icq.com',NULL,NULL,4,'Left Wingers Contract'),(414,'AM','$359402.72','convallis nunc proin at turpis a pede','kgarrick2j@sciencedirect.com',NULL,NULL,9,'Attacking Midfielder Contract'),(415,'LM','$371061.56','pede libero quis orci nullam molestie nibh','aclack2k@nbcnews.com',NULL,NULL,3,'Left Midfielder Contract'),(416,'LW','$74230.10','in lectus pellentesque at nulla suspendisse potenti','mestick2l@zimbio.com',NULL,NULL,7,'Left Wingers Contract'),(417,'AM','$340350.21','id luctus nec molestie','csquier2m@wordpress.org',NULL,NULL,3,'Attacking Midfielder Contract'),(418,'LW','$38201.98','phasellus id sapien in sapien','psilby2n@ft.com',NULL,NULL,1,'Left Wingers Contract'),(419,'BM','$101639.54','id massa id nisl venenatis','mvarnham2o@ucoz.com',NULL,NULL,2,'Box-to-box Midfielder Contract'),(420,'AP','$358145.65','nunc proin at turpis a','seastmead2p@clickbank.net',NULL,NULL,1,'Attacking Midfielder Contract'),(421,'LM','$272254.50','pharetra magna ac consequat metus sapien','rarchibold2q@hud.gov',NULL,NULL,3,'Left Midfielder Contract'),(422,'AP','$375027.11','rutrum neque aenean auctor','rhayball2r@cnn.com',NULL,NULL,6,'Attacking Midfielder Contract'),(423,'LW','$330884.43','nullam orci pede venenatis non sodales sed','wmacmaster2s@xinhuanet.com',NULL,NULL,4,'Left Wingers Contract'),(424,'LW','$317604.89','fermentum donec ut mauris eget','llancashire2t@geocities.jp',NULL,NULL,4,'Left Wingers Contract'),(425,'LW','$381875.08','pellentesque quisque porta volutpat','bpletts2u@tinypic.com',NULL,NULL,5,'Left Wingers Contract'),(426,'DM','$298687.57','id ornare imperdiet sapien urna pretium nisl','arubery2v@youtu.be',NULL,NULL,5,'Defending  Midfielder Contract'),(427,'LW','$129428.69','interdum mauris non ligula pellentesque ultrices','mwebby2w@dion.ne.jp',NULL,NULL,3,'Left Wingers Contract'),(428,'AM','$257710.40','placerat praesent blandit nam nulla','asandwich2x@about.com',NULL,NULL,6,'Attacking Midfielder Contract'),(429,'LM','$77774.83','cubilia curae nulla dapibus dolor vel est','cdesforges2y@clickbank.net',NULL,NULL,5,'Left Midfielder Contract'),(430,'LM','$368215.74','justo sit amet sapien dignissim vestibulum','mdavidovici2z@linkedin.com',NULL,NULL,2,'Left Midfielder Contract'),(431,'LM','$180098.30','eleifend quam a odio in hac habitasse','rdone30@de.vu',NULL,NULL,5,'Left Midfielder Contract'),(432,'LW','$76573.47','odio condimentum id luctus','msitwell31@guardian.co.uk',NULL,NULL,4,'Left Wingers Contract'),(433,'LM','$240563.78','etiam justo etiam pretium','cclowton32@dyndns.org',NULL,NULL,7,'Left Midfielder Contract'),(434,'LW','$179268.60','in hac habitasse platea dictumst aliquam','pfishbourne33@elegantthemes.com',NULL,NULL,1,'Left Wingers Contract'),(435,'LW','$242162.10','nam nulla integer pede justo lacinia','ehugill34@sphinn.com',NULL,NULL,4,'Left Wingers Contract'),(436,'LW','$365310.52','nisl venenatis lacinia aenean sit amet justo','mcrankshaw35@tinyurl.com',NULL,NULL,5,'Left Wingers Contract'),(437,'LM','$348519.73','sed nisl nunc rhoncus','sboldra36@mozilla.com',NULL,NULL,6,'Left Midfielder Contract'),(438,'LW','$205840.81','aliquam non mauris morbi non','prowett37@senate.gov',NULL,NULL,2,'Left Wingers Contract'),(439,'LW','$31485.99','vel lectus in quam','kewdale38@nih.gov',NULL,NULL,3,'Left Wingers Contract'),(440,'LW','$187536.60','dictumst morbi vestibulum velit id pretium iaculis','babrashkin39@mozilla.com',NULL,NULL,1,'Left Wingers Contract'),(441,'AM','$40986.64','vel nulla eget eros elementum','hchominski3a@adobe.com',NULL,NULL,9,'Attacking Midfielder Contract'),(442,'LM','$354799.80','adipiscing elit proin risus praesent lectus vestibulum','apyvis3b@51.la',NULL,NULL,2,'Left Midfielder Contract'),(443,'LW','$187191.22','fusce lacus purus aliquet','igiacomucci3c@hatena.ne.jp',NULL,NULL,7,'Left Wingers Contract'),(444,'LM','$337229.90','ut dolor morbi vel lectus in','kchevis3d@free.fr',NULL,NULL,3,'Left Midfielder Contract'),(445,'LW','$215111.64','odio justo sollicitudin ut suscipit a feugiat','dmarskell3e@e-recht24.de',NULL,NULL,7,'Left Wingers Contract'),(446,'AM','$39249.40','in congue etiam justo etiam pretium','lmitro3f@csmonitor.com',NULL,NULL,1,'Attacking Midfielder Contract'),(447,'LW','$275056.98','ultrices vel augue vestibulum ante ipsum primis','ascarisbrick3g@walmart.com',NULL,NULL,6,'Left Wingers Contract'),(448,'SK','$281998.14','quis augue luctus tincidunt nulla mollis','cgehring3h@irs.gov',NULL,NULL,3,'Striker Contract'),(449,'LW','$50926.35','tempus vel pede morbi porttitor lorem id','shencke3i@cornell.edu',NULL,NULL,7,'Left Wingers Contract'),(450,'SK','$88275.80','blandit nam nulla integer pede justo lacinia','bellett3j@amazonaws.com',NULL,NULL,8,'Striker Contract'),(451,'LW','$284522.05','diam in magna bibendum','mpixton3k@hatena.ne.jp',NULL,NULL,7,'Left Wingers Contract'),(452,'LW','$326783.03','convallis tortor risus dapibus augue vel accumsan','jsantacrole3l@linkedin.com',NULL,NULL,6,'Left Wingers Contract'),(453,'AP','$315546.71','velit id pretium iaculis diam','astuehmeyer3m@youtube.com',NULL,NULL,3,'Attacking Midfielder Contract'),(454,'LM','$56170.20','molestie sed justo pellentesque','eruselin3n@chicagotribune.com',NULL,NULL,7,'Left Midfielder Contract'),(455,'LM','$160009.50','in hac habitasse platea dictumst aliquam augue','kwabey3o@hatena.ne.jp',NULL,NULL,1,'Left Midfielder Contract'),(456,'LW','$321135.66','at turpis a pede posuere','mlepard3p@google.com.au',NULL,NULL,5,'Left Wingers Contract'),(457,'SK','$165226.29','ipsum primis in faucibus orci luctus et','rcalton3q@jigsy.com',NULL,NULL,8,'Striker Contract'),(458,'AP','$351430.37','quam pede lobortis ligula sit amet eleifend','dketchell3r@wunderground.com',NULL,NULL,1,'Attacking Midfielder Contract'),(459,'AP','$259884.53','est congue elementum in hac','mgrout3s@nps.gov',NULL,NULL,4,'Attacking Midfielder Contract'),(460,'AP','$340189.12','vestibulum velit id pretium iaculis diam','bpeckett3t@amazon.co.jp',NULL,NULL,4,'Attacking Midfielder Contract'),(461,'AP','$330918.12','eu nibh quisque id justo sit amet','gkornilov3u@aboutads.info',NULL,NULL,3,'Attacking Midfielder Contract'),(462,'AP','$366518.37','cubilia curae donec pharetra magna vestibulum','dhemerijk3v@i2i.jp',NULL,NULL,9,'Attacking Midfielder Contract'),(463,'LW','$263400.06','sapien quis libero nullam sit','rmarvin3w@mac.com',NULL,NULL,1,'Left Wingers Contract'),(464,'SK','$145484.46','consequat nulla nisl nunc','jphilp3x@engadget.com',NULL,NULL,1,'Striker Contract'),(465,'LW','$175018.42','nunc viverra dapibus nulla','gmacro3y@facebook.com',NULL,NULL,3,'Left Wingers Contract'),(466,'AP','$99877.78','lacus curabitur at ipsum ac','smilbourn3z@amazon.de',NULL,NULL,4,'Attacking Midfielder Contract'),(467,'LM','$264200.42','est congue elementum in hac habitasse platea','ndilland40@bizjournals.com',NULL,NULL,2,'Left Midfielder Contract'),(468,'LW','$137719.81','ut rhoncus aliquet pulvinar sed nisl','dmineghelli41@craigslist.org',NULL,NULL,7,'Left Wingers Contract'),(469,'LM','$313384.66','luctus rutrum nulla tellus','krocks42@hc360.com',NULL,NULL,6,'Left Midfielder Contract'),(470,'LW','$290603.05','quisque erat eros viverra eget congue','kconrard43@virginia.edu',NULL,NULL,5,'Left Wingers Contract'),(471,'LM','$122481.21','vel lectus in quam fringilla rhoncus mauris','fgopsill44@gmpg.org',NULL,NULL,2,'Left Midfielder Contract'),(472,'LM','$44989.78','ultrices posuere cubilia curae','jdootson45@infoseek.co.jp',NULL,NULL,7,'Left Midfielder Contract'),(473,'LW','$125126.03','tortor quis turpis sed ante vivamus','clewington46@addthis.com',NULL,NULL,4,'Left Wingers Contract'),(474,'AP','$187780.39','vivamus in felis eu sapien cursus vestibulum','gcrook47@1und1.de',NULL,NULL,1,'Attacking Midfielder Contract'),(475,'LW','$267847.66','diam id ornare imperdiet','bfalkingham48@slate.com',NULL,NULL,3,'Left Wingers Contract'),(476,'LW','$276066.12','eu tincidunt in leo maecenas pulvinar','nrowley49@tiny.cc',NULL,NULL,2,'Left Wingers Contract'),(477,'LW','$302291.99','adipiscing lorem vitae mattis nibh','rscougall4a@thetimes.co.uk',NULL,NULL,6,'Left Wingers Contract'),(478,'LW','$254946.68','amet eros suspendisse accumsan','estrudwick4b@independent.co.uk',NULL,NULL,5,'Left Wingers Contract'),(479,'LM','$77609.47','vel enim sit amet','bemes4c@vinaora.com',NULL,NULL,5,'Left Midfielder Contract'),(480,'CM','$32510.54','quam pede lobortis ligula sit amet eleifend','aspurr4d@soup.io',NULL,NULL,3,'Center Midfielder Contract'),(481,'AP','$239886.01','dapibus nulla suscipit ligula in lacus curabitur','fbraime4e@nbcnews.com',NULL,NULL,1,'Attacking Midfielder Contract'),(482,'LW','$267259.13','bibendum morbi non quam nec dui','jdonohue4f@adobe.com',NULL,NULL,4,'Left Wingers Contract'),(483,'AP','$279757.43','proin risus praesent lectus vestibulum','agough4g@themeforest.net',NULL,NULL,4,'Attacking Midfielder Contract'),(484,'LM','$184050.83','arcu libero rutrum ac','dmintram4h@prweb.com',NULL,NULL,1,'Left Midfielder Contract'),(485,'LW','$237125.67','eu mi nulla ac','rthirlwell4i@irs.gov',NULL,NULL,1,'Left Wingers Contract'),(486,'LW','$95989.73','eros viverra eget congue','jhinckley4j@loc.gov',NULL,NULL,1,'Left Wingers Contract'),(487,'LW','$337375.01','duis bibendum felis sed','bdargan4k@google.cn',NULL,NULL,5,'Left Wingers Contract'),(488,'LW','$252745.10','pellentesque volutpat dui maecenas tristique est','sjoll4l@issuu.com',NULL,NULL,3,'Left Wingers Contract'),(489,'CM','$192438.78','nulla nisl nunc nisl duis','tmacfall4m@zdnet.com',NULL,NULL,1,'Center Midfielder Contract'),(490,'LW','$43979.84','fusce consequat nulla nisl','ilopez4n@comcast.net',NULL,NULL,9,'Left Wingers Contract'),(491,'LW','$44645.61','nisl nunc rhoncus dui','pbruin4o@usatoday.com',NULL,NULL,7,'Left Wingers Contract'),(492,'LM','$360164.33','et ultrices posuere cubilia curae','fgunthorpe4p@macromedia.com',NULL,NULL,4,'Left Midfielder Contract'),(493,'LW','$38984.74','ut nunc vestibulum ante ipsum','ptomaskunas4q@java.com',NULL,NULL,4,'Left Wingers Contract'),(494,'LM','$102737.46','rutrum at lorem integer','ejeffery4r@eepurl.com',NULL,NULL,2,'Left Midfielder Contract'),(495,'AP','$189618.34','venenatis turpis enim blandit mi in','rlesurf4s@reddit.com',NULL,NULL,3,'Attacking Midfielder Contract'),(496,'LW','$53158.25','id ornare imperdiet sapien urna','gspurnier4t@weibo.com',NULL,NULL,6,'Left Wingers Contract'),(497,'LW','$269643.90','non mattis pulvinar nulla pede ullamcorper augue','rcouves4u@delicious.com',NULL,NULL,9,'Left Wingers Contract'),(498,'LW','$234529.50','sapien in sapien iaculis','ucosty4v@google.com.au',NULL,NULL,3,'Left Wingers Contract'),(499,'LW','$157631.95','suspendisse potenti cras in purus','kleatherland4w@imgur.com',NULL,NULL,2,'Left Wingers Contract'),(500,'LM','$208979.58','urna ut tellus nulla ut','mkordt4x@blogtalkradio.com',NULL,NULL,7,'Left Midfielder Contract'),(501,'LW','$337258.43','mauris viverra diam vitae quam suspendisse','caldrick4y@youtube.com',NULL,NULL,2,'Left Wingers Contract'),(502,'AP','$368147.57','sollicitudin vitae consectetuer eget','cjackman4z@mlb.com',NULL,NULL,1,'Attacking Midfielder Contract'),(503,'AM','$115603.43','proin leo odio porttitor id','xshellshear50@nbcnews.com',NULL,NULL,4,'Attacking Midfielder Contract'),(504,'AM','$392406.83','vivamus vestibulum sagittis sapien cum','dbereford51@aol.com',NULL,NULL,3,'Attacking Midfielder Contract'),(505,'AP','$275139.39','tellus nulla ut erat id mauris','ytiesman52@mozilla.org',NULL,NULL,6,'Attacking Midfielder Contract'),(506,'LM','$169282.36','sit amet eros suspendisse accumsan tortor quis','pemanson53@mayoclinic.com',NULL,NULL,1,'Left Midfielder Contract'),(507,'LW','$41451.16','metus arcu adipiscing molestie hendrerit at vulputate','dmaunton54@i2i.jp',NULL,NULL,2,'Left Wingers Contract'),(508,'LW','$354543.75','rhoncus aliquet pulvinar sed nisl nunc rhoncus','akellet55@dyndns.org',NULL,NULL,5,'Left Wingers Contract'),(509,'AP','$395567.84','scelerisque quam turpis adipiscing lorem','cchesterfield56@etsy.com',NULL,NULL,3,'Attacking Midfielder Contract'),(510,'LW','$38330.76','tempor convallis nulla neque libero convallis','abitcheno57@aboutads.info',NULL,NULL,5,'Left Wingers Contract'),(511,'AM','$284013.99','semper interdum mauris ullamcorper','vdilnot58@infoseek.co.jp',NULL,NULL,7,'Attacking Midfielder Contract'),(512,'LW','$49680.42','massa donec dapibus duis at velit eu','jdewhurst59@tuttocitta.it',NULL,NULL,4,'Left Wingers Contract'),(513,'SK','$244877.57','ac est lacinia nisi venenatis tristique','eivashkin5a@tiny.cc',NULL,NULL,7,'Striker Contract'),(514,'LW','$314192.24','nulla suscipit ligula in','kscouler5b@oakley.com',NULL,NULL,5,'Left Wingers Contract'),(515,'LM','$298007.73','nunc commodo placerat praesent blandit nam nulla','landrosik5c@discovery.com',NULL,NULL,2,'Left Midfielder Contract'),(516,'LW','$332153.95','nisi volutpat eleifend donec','srappaport5d@blinklist.com',NULL,NULL,7,'Left Wingers Contract'),(517,'LW','$327027.00','donec ut mauris eget massa','gblinkhorn5e@jalbum.net',NULL,NULL,3,'Left Wingers Contract'),(518,'AP','$214104.60','et ultrices posuere cubilia curae donec pharetra','jbangle5f@cnn.com',NULL,NULL,6,'Attacking Midfielder Contract'),(519,'LM','$302573.75','ut rhoncus aliquet pulvinar','alangman5g@dot.gov',NULL,NULL,4,'Left Midfielder Contract'),(520,'AM','$366581.08','rutrum ac lobortis vel dapibus at','rblankley5h@icq.com',NULL,NULL,4,'Attacking Midfielder Contract'),(521,'LW','$87355.66','ante vel ipsum praesent blandit lacinia','jlairdcraig5i@independent.co.uk',NULL,NULL,3,'Left Wingers Contract'),(522,'CM','$34922.47','cursus urna ut tellus','nfitzpayn5j@addtoany.com',NULL,NULL,2,'Center Midfielder Contract'),(523,'LW','$45456.29','volutpat eleifend donec ut dolor morbi','smcdonand5k@blogspot.com',NULL,NULL,2,'Left Wingers Contract'),(524,'LM','$332685.91','venenatis lacinia aenean sit','sdaily5l@alexa.com',NULL,NULL,9,'Left Midfielder Contract'),(525,'LW','$307676.28','eu nibh quisque id justo sit','brehm5m@google.fr',NULL,NULL,3,'Left Wingers Contract'),(526,'LW','$98002.93','nunc proin at turpis a pede','zvirgin5n@artisteer.com',NULL,NULL,6,'Left Wingers Contract'),(527,'LM','$120257.99','lacinia aenean sit amet','rsearson5o@alexa.com',NULL,NULL,9,'Left Midfielder Contract'),(528,'LM','$41953.49','vel pede morbi porttitor lorem','bbamlett5p@virginia.edu',NULL,NULL,3,'Left Midfielder Contract'),(529,'LM','$288923.67','in faucibus orci luctus et ultrices','dboutton5q@istockphoto.com',NULL,NULL,6,'Left Midfielder Contract'),(530,'LM','$335602.35','sit amet lobortis sapien sapien non mi','lhouseago5r@themeforest.net',NULL,NULL,5,'Left Midfielder Contract'),(531,'LW','$195284.36','vulputate ut ultrices vel augue vestibulum','lgreenwell5s@smugmug.com',NULL,NULL,3,'Left Wingers Contract'),(532,'LW','$30829.07','nec condimentum neque sapien placerat','ayele5t@google.com.hk',NULL,NULL,9,'Left Wingers Contract'),(533,'LM','$278266.32','viverra diam vitae quam suspendisse potenti','smart5u@yahoo.com',NULL,NULL,5,'Left Midfielder Contract'),(534,'LM','$182634.31','sapien urna pretium nisl ut volutpat sapien','cteasell5v@cornell.edu',NULL,NULL,8,'Left Midfielder Contract'),(535,'LM','$314731.56','vitae quam suspendisse potenti nullam porttitor','bpauls5w@tmall.com',NULL,NULL,9,'Left Midfielder Contract'),(536,'LW','$72554.58','non mi integer ac neque duis bibendum','gmoss5x@e-recht24.de',NULL,NULL,4,'Left Wingers Contract'),(537,'LW','$377305.73','posuere felis sed lacus morbi sem mauris','gtappin5y@google.de',NULL,NULL,4,'Left Wingers Contract'),(538,'AP','$189169.49','sed augue aliquam erat volutpat in','jbeert5z@google.nl',NULL,NULL,5,'Attacking Midfielder Contract'),(539,'LM','$323911.75','mi sit amet lobortis sapien sapien non','mfenne60@uiuc.edu',NULL,NULL,5,'Left Midfielder Contract'),(540,'LW','$156139.00','massa id nisl venenatis','dvarker61@dailymail.co.uk',NULL,NULL,3,'Left Wingers Contract'),(541,'SK','$132397.87','cras in purus eu magna vulputate','wdunsire62@bigcartel.com',NULL,NULL,7,'Striker Contract'),(542,'LW','$230312.53','pellentesque eget nunc donec quis orci eget','brawsthorne63@sphinn.com',NULL,NULL,2,'Left Wingers Contract'),(543,'LM','$371765.13','volutpat erat quisque erat eros','lmolnar64@freewebs.com',NULL,NULL,6,'Left Midfielder Contract'),(544,'LW','$338907.55','nulla mollis molestie lorem','nmcgregor65@washingtonpost.com',NULL,NULL,5,'Left Wingers Contract'),(545,'AP','$161627.37','a nibh in quis','cmontgomery66@infoseek.co.jp',NULL,NULL,7,'Attacking Midfielder Contract'),(546,'LW','$179027.87','nisl duis bibendum felis sed interdum','tfeighney67@netlog.com',NULL,NULL,3,'Left Wingers Contract'),(547,'LW','$166950.16','leo odio condimentum id luctus nec molestie','pmclleese68@a8.net',NULL,NULL,6,'Left Wingers Contract'),(548,'AM','$128932.91','tincidunt nulla mollis molestie lorem quisque ut','smehmet69@plala.or.jp',NULL,NULL,7,'Attacking Midfielder Contract'),(549,'LW','$182878.61','commodo placerat praesent blandit nam','hstangoe6a@businesswire.com',NULL,NULL,5,'Left Wingers Contract'),(550,'LW','$108137.40','curabitur convallis duis consequat','bslowey6b@multiply.com',NULL,NULL,1,'Left Wingers Contract'),(551,'LM','$237028.27','eget tincidunt eget tempus vel pede morbi','ldarleston6c@purevolume.com',NULL,NULL,9,'Left Midfielder Contract'),(552,'CM','$300872.36','augue aliquam erat volutpat in congue','ecollidge6d@ft.com',NULL,NULL,1,'Center Midfielder Contract'),(553,'LW','$256744.87','vitae ipsum aliquam non mauris morbi non','kthouless6e@cornell.edu',NULL,NULL,7,'Left Wingers Contract'),(554,'LM','$134389.31','diam nam tristique tortor eu','jswadling6f@netvibes.com',NULL,NULL,2,'Left Midfielder Contract'),(555,'AP','$355719.87','natoque penatibus et magnis dis parturient','ctroni6g@sciencedirect.com',NULL,NULL,1,'Attacking Midfielder Contract'),(556,'AP','$226058.83','cursus id turpis integer aliquet massa','eslight6h@nps.gov',NULL,NULL,9,'Attacking Midfielder Contract'),(557,'LW','$180048.89','lectus in quam fringilla','pbuer6i@free.fr',NULL,NULL,1,'Left Wingers Contract'),(558,'LM','$188425.03','volutpat quam pede lobortis ligula sit amet','aslewcock6j@cnet.com',NULL,NULL,6,'Left Midfielder Contract'),(559,'LW','$324006.20','blandit lacinia erat vestibulum sed magna at','jfarthin6k@howstuffworks.com',NULL,NULL,7,'Left Wingers Contract'),(560,'LW','$301480.18','nec sem duis aliquam','jbarock6l@ftc.gov',NULL,NULL,6,'Left Wingers Contract'),(561,'LW','$371855.68','libero non mattis pulvinar nulla','cward6m@scribd.com',NULL,NULL,2,'Left Wingers Contract'),(562,'LM','$302151.38','vehicula consequat morbi a','lbelf6n@mac.com',NULL,NULL,5,'Left Midfielder Contract'),(563,'LW','$94346.01','nunc vestibulum ante ipsum primis in faucibus','sdorosario6o@sphinn.com',NULL,NULL,4,'Left Wingers Contract'),(564,'LM','$383309.87','aliquet at feugiat non','arault6p@dyndns.org',NULL,NULL,4,'Left Midfielder Contract'),(565,'LM','$302013.53','non mauris morbi non','alocard6q@bbc.co.uk',NULL,NULL,4,'Left Midfielder Contract'),(566,'LW','$377883.01','ultrices libero non mattis pulvinar nulla','fscinelli6r@1und1.de',NULL,NULL,4,'Left Wingers Contract'),(567,'LW','$101189.32','risus praesent lectus vestibulum quam sapien varius','nyellep6s@examiner.com',NULL,NULL,4,'Left Wingers Contract'),(568,'BM','$56719.08','in magna bibendum imperdiet','jalbery6t@jalbum.net',NULL,NULL,7,'Box-to-box Midfielder Contract'),(569,'LM','$144040.87','lorem quisque ut erat curabitur gravida','msharply6u@globo.com',NULL,NULL,2,'Left Midfielder Contract'),(570,'LM','$362230.84','eget eleifend luctus ultricies eu nibh','gtutt6v@techcrunch.com',NULL,NULL,4,'Left Midfielder Contract'),(571,'AM','$103930.59','ante ipsum primis in faucibus orci luctus','mflacknell6w@xing.com',NULL,NULL,1,'Attacking Midfielder Contract'),(572,'LM','$344385.69','etiam pretium iaculis justo in hac','nstanislaw6x@macromedia.com',NULL,NULL,1,'Left Midfielder Contract'),(573,'LW','$30447.27','lacus morbi quis tortor id','mbalasin6y@tiny.cc',NULL,NULL,2,'Left Wingers Contract'),(574,'LM','$282028.14','in purus eu magna','ablankhorn6z@odnoklassniki.ru',NULL,NULL,3,'Left Midfielder Contract'),(575,'LW','$97698.31','erat curabitur gravida nisi','schettle70@cmu.edu',NULL,NULL,8,'Left Wingers Contract'),(576,'LW','$330270.63','id pretium iaculis diam erat fermentum justo','kashall71@techcrunch.com',NULL,NULL,9,'Left Wingers Contract'),(577,'AP','$242584.74','morbi sem mauris laoreet ut rhoncus aliquet','pkupper72@github.com',NULL,NULL,7,'Attacking Midfielder Contract'),(578,'LM','$339074.13','iaculis diam erat fermentum justo nec condimentum','wkunert73@list-manage.com',NULL,NULL,3,'Left Midfielder Contract'),(579,'LW','$65658.58','nisi vulputate nonummy maecenas','aselburn74@phoca.cz',NULL,NULL,5,'Left Wingers Contract'),(580,'AM','$135153.71','nascetur ridiculus mus etiam vel','jalsobrook75@apple.com',NULL,NULL,5,'Attacking Midfielder Contract'),(581,'CM','$238877.01','phasellus id sapien in','rshellsheere76@shinystat.com',NULL,NULL,8,'Center Midfielder Contract'),(582,'RM','$200343.44','dolor morbi vel lectus in','hreimer77@tuttocitta.it',NULL,NULL,2,'Right Midfielder Contract'),(583,'AP','$230790.39','in tempor turpis nec euismod scelerisque','greignolds78@mail.ru',NULL,NULL,9,'Attacking Midfielder Contract'),(584,'LW','$367287.30','nisl venenatis lacinia aenean sit amet','jgarwell79@blogtalkradio.com',NULL,NULL,3,'Left Wingers Contract'),(585,'LM','$49127.50','odio justo sollicitudin ut suscipit a','peastcott7a@biglobe.ne.jp',NULL,NULL,6,'Left Midfielder Contract'),(586,'LM','$85975.48','non lectus aliquam sit','gtremeer7b@boston.com',NULL,NULL,3,'Left Midfielder Contract'),(587,'AP','$248107.59','iaculis diam erat fermentum justo','etyght7c@elegantthemes.com',NULL,NULL,9,'Attacking Midfielder Contract'),(588,'LW','$35382.11','varius integer ac leo pellentesque ultrices mattis','brean7d@illinois.edu',NULL,NULL,4,'Left Wingers Contract'),(589,'LW','$350716.44','odio consequat varius integer ac','seastwood7e@webs.com',NULL,NULL,7,'Left Wingers Contract'),(590,'AM','$357098.00','donec ut mauris eget','wsleeman7f@youku.com',NULL,NULL,3,'Attacking Midfielder Contract'),(591,'SK','$303517.33','faucibus orci luctus et','caucoate7g@hhs.gov',NULL,NULL,3,'Striker Contract'),(592,'LW','$395040.13','ut nunc vestibulum ante ipsum primis','ahockell7h@ifeng.com',NULL,NULL,1,'Left Wingers Contract'),(593,'LW','$280837.51','phasellus id sapien in sapien','gdevile7i@ocn.ne.jp',NULL,NULL,5,'Left Wingers Contract'),(594,'LW','$99412.05','at turpis donec posuere','drenbold7j@twitter.com',NULL,NULL,2,'Left Wingers Contract'),(595,'AP','$118875.31','duis faucibus accumsan odio','rmquharg7k@wunderground.com',NULL,NULL,5,'Attacking Midfielder Contract'),(596,'CB','$345272.71','consequat dui nec nisi volutpat','fsigg7l@cocolog-nifty.com',NULL,NULL,1,'Center Back Contract'),(597,'AP','$230904.98','consequat varius integer ac leo pellentesque','gcomber7m@dot.gov',NULL,NULL,9,'Attacking Midfielder Contract'),(598,'LW','$212946.78','tempus semper est quam pharetra magna','rnowakowska7n@joomla.org',NULL,NULL,8,'Left Wingers Contract'),(599,'LW','$219622.42','interdum in ante vestibulum ante ipsum primis','ccopnall7o@ed.gov',NULL,NULL,9,'Left Wingers Contract'),(600,'LW','$186268.41','vulputate elementum nullam varius nulla','sarrigucci7p@chronoengine.com',NULL,NULL,9,'Left Wingers Contract'),(601,'LW','$195804.43','nibh ligula nec sem duis aliquam convallis','ahalbeard7q@blogtalkradio.com',NULL,NULL,3,'Left Wingers Contract'),(602,'LM','$226957.18','nunc purus phasellus in felis','tpinckney7r@printfriendly.com',NULL,NULL,2,'Left Midfielder Contract'),(603,'LW','$95659.57','penatibus et magnis dis parturient','rhaldenby7s@stanford.edu',NULL,NULL,4,'Left Wingers Contract'),(604,'LW','$377955.83','accumsan tortor quis turpis','fvautre7t@marketwatch.com',NULL,NULL,9,'Left Wingers Contract'),(605,'LM','$127016.76','rutrum rutrum neque aenean auctor gravida sem','ncharlo7u@netlog.com',NULL,NULL,5,'Left Midfielder Contract'),(606,'LW','$85070.42','lectus aliquam sit amet diam in magna','ctitterell7v@linkedin.com',NULL,NULL,6,'Left Wingers Contract'),(607,'LW','$138492.52','sit amet nunc viverra dapibus','cturfus7w@xing.com',NULL,NULL,5,'Left Wingers Contract'),(608,'LW','$62046.59','proin risus praesent lectus','tmcneill7x@naver.com',NULL,NULL,9,'Left Wingers Contract'),(609,'LM','$145650.61','nisi at nibh in hac habitasse platea','smulhill7y@berkeley.edu',NULL,NULL,1,'Left Midfielder Contract'),(610,'LW','$374070.27','cras pellentesque volutpat dui maecenas tristique','bhunnicot7z@webnode.com',NULL,NULL,8,'Left Wingers Contract'),(611,'LW','$45926.45','quis odio consequat varius','tskillen80@google.co.jp',NULL,NULL,4,'Left Wingers Contract'),(612,'LM','$54387.94','sit amet cursus id turpis integer','cpim81@yandex.ru',NULL,NULL,2,'Left Midfielder Contract'),(613,'AP','$183042.11','curabitur in libero ut massa volutpat','fmcpheat82@meetup.com',NULL,NULL,1,'Attacking Midfielder Contract'),(614,'LM','$380800.57','etiam pretium iaculis justo in hac','mborzone83@bing.com',NULL,NULL,4,'Left Midfielder Contract'),(615,'SK','$38812.18','faucibus orci luctus et ultrices posuere','nscritch84@sogou.com',NULL,NULL,2,'Striker Contract'),(616,'LM','$117919.03','cras pellentesque volutpat dui','adeakes85@google.fr',NULL,NULL,6,'Left Midfielder Contract'),(617,'LM','$107867.30','erat curabitur gravida nisi at','hpitcher86@liveinternet.ru',NULL,NULL,9,'Left Midfielder Contract'),(618,'AP','$108638.25','sapien iaculis congue vivamus metus arcu','rebbetts87@goodreads.com',NULL,NULL,9,'Attacking Midfielder Contract'),(619,'LW','$303800.29','ut suscipit a feugiat et eros','hlavigne88@nyu.edu',NULL,NULL,2,'Left Wingers Contract'),(620,'SK','$170240.63','quisque porta volutpat erat','dbloxsome89@nih.gov',NULL,NULL,7,'Striker Contract'),(621,'AP','$170798.58','parturient montes nascetur ridiculus mus etiam vel','prushmere8a@cafepress.com',NULL,NULL,8,'Attacking Midfielder Contract'),(622,'LW','$43558.41','leo pellentesque ultrices mattis','cmaken8b@bbb.org',NULL,NULL,9,'Left Wingers Contract');
/*!40000 ALTER TABLE `offers` ENABLE KEYS */;
UNLOCK TABLES;

--
-- Table structure for table `profiles`
--

DROP TABLE IF EXISTS `profiles`;
/*!40101 SET @saved_cs_client     = @@character_set_client */;
 SET character_set_client = utf8mb4 ;
CREATE TABLE `profiles` (
  `profile_id` int(11) NOT NULL AUTO_INCREMENT,
  `position` varchar(45) DEFAULT NULL,
  `coaches` varchar(45) DEFAULT NULL,
  `profile_video` varchar(200) DEFAULT NULL,
  `profile_photo` varchar(200) DEFAULT NULL,
  `medical_info` varchar(200) DEFAULT NULL,
  `organization` varchar(45) DEFAULT NULL,
  `biography` varchar(400) DEFAULT NULL,
  `fk_sports_id` int(11) DEFAULT NULL,
  `fk_athl_id` int(11) DEFAULT NULL,
  `stats` varchar(400) DEFAULT NULL,
  PRIMARY KEY (`profile_id`),
  KEY `fk_sports_id_profiles_idx` (`fk_sports_id`),
  KEY `fk_athletes_id_idx` (`fk_athl_id`),
  CONSTRAINT `fk_athletes_id` FOREIGN KEY (`fk_athl_id`) REFERENCES `athletes` (`athl_id`),
  CONSTRAINT `fk_sports_id_profiles` FOREIGN KEY (`fk_sports_id`) REFERENCES `sports` (`sports_id`)
) ENGINE=InnoDB AUTO_INCREMENT=105 DEFAULT CHARSET=utf8mb4 COLLATE=utf8mb4_0900_ai_ci;
/*!40101 SET character_set_client = @saved_cs_client */;

--
-- Dumping data for table `profiles`
--

LOCK TABLES `profiles` WRITE;
/*!40000 ALTER TABLE `profiles` DISABLE KEYS */;
INSERT INTO `profiles` VALUES (1,'AP','Catlin MacDearmid','http://bigcartel.com/convallis/tortor/risus/dapibus/augue/vel.js','https://data.whicdn.com/images/302934819/original.jpt=1513612958','in sapien iaculis congue vivamus metus',NULL,'Morbi porttitor lorem id ligula. Suspendisse ornare consequat lectus. In est risus, auctor sed, tristique in, tempus sit amet, sem.',1,1,NULL),(2,'LM','Mireille Challicum','https://facebook.com/consequat.aspx','https://data.whicdn.com/images/287045290/superthumb.jpgt=1494942872','sit amet nunc viverra dapibus nulla suscipit',NULL,'Praesent blandit. Nam nulla. Integer pede justo, lacinia eget, tincidunt eget, tempus vel, pede.',1,2,NULL),(3,'LW','Darleen Peplaw','http://issuu.com/turpis.json','https://data.whicdn.com/images/243738831/superthumb.jpt=1465429274','nunc vestibulum ante ipsum primis in faucibus orci',NULL,'Etiam vel augue. Vestibulum rutrum rutrum neque. Aenean auctor gravida sem.',1,3,NULL),(4,'LW','Basia Petkovic','http://alexa.com/nullam/sit/amet/turpis/elementum/ligula/vehicula.js','https://data.whicdn.com/images/243738831/superthumb.jpgt=1465429274','interdum venenatis turpis enim blandit mi in',NULL,'Duis bibendum, felis sed interdum venenatis, turpis enim blandit mi, in porttitor pede justo eu massa. Donec dapibus. Duis at velit eu est congue elementum.',1,4,NULL),(5,'LW','Jerrilee Hitzmann','http://wordpress.org/ultrices/erat/tortor/sollicitudin/mi/sit.aspx','https://data.whicdn.com/images/287045290/superthumb.jpgt=1494942872','in hac habitasse platea dictumst aliquam augue quam sollicitudin',NULL,'Vestibulum quam sapien, varius ut, blandit non, interdum in, ante. Vestibulum ante ipsum primis in faucibus orci luctus et ultrices posuere cubilia Curae; Duis faucibus accumsan odio. Curabitur convallis.',1,5,NULL),(6,'LW','Tasia Farress','https://intel.com/proin.jpg','https://data.whicdn.com/images/243738831/superthumb.jpgt=1465429274','volutpat in congue etiam justo etiam pretium iaculis',NULL,'Maecenas ut massa quis augue luctus tincidunt. Nulla mollis molestie lorem. Quisque ut erat.',1,6,NULL),(7,'AP','Tallulah Mathonnet','https://bloglovin.com/donec/ut/dolor.js','https://data.whicdn.com/images/243738831/superthumb.jpgt=1465429274','arcu adipiscing molestie hendrerit at vulputate',NULL,'Cras mi pede, malesuada in, imperdiet et, commodo vulputate, justo. In blandit ultrices enim. Lorem ipsum dolor sit amet, consectetuer adipiscing elit.',1,7,NULL),(8,'LW','Joanie Cluderay','http://last.fm/potenti.json','https://encrypted-tbn0.gstatic.com/imageq=tbn:ANd9GcSWvezY5EwPII-pG3EUvfvX3Upp_3BKmqnkV-efXEKPw6l69IOv&s','velit id pretium iaculis diam erat fermentum',NULL,'In quis justo. Maecenas rhoncus aliquam lacus. Morbi quis tortor id nulla ultrices aliquet.',1,8,NULL),(9,'AP','Lynette Dyche','http://mediafire.com/felis/sed/lacus/morbi/sem.jpg','https://data.whicdn.com/images/243738831/superthumb.jpgt=1465429274','curae donec pharetra magna vestibulum aliquet ultrices erat',NULL,'Cras mi pede, malesuada in, imperdiet et, commodo vulputate, justo. In blandit ultrices enim. Lorem ipsum dolor sit amet, consectetuer adipiscing elit.',1,9,NULL),(10,'LW','Pauletta Deveral','http://google.es/morbi/odio.jpg','https://data.whicdn.com/images/243738831/superthumb.jpt=1465429274','lacinia eget tincidunt eget tempus vel pede',NULL,'Proin interdum mauris non ligula pellentesque ultrices. Phasellus id sapien in sapien iaculis congue. Vivamus metus arcu, adipiscing molestie, hendrerit at, vulputate vitae, nisl.',1,10,NULL),(11,'LW','Mathias Cocklin','http://nifty.com/faucibus/orci/luctus/et.png','https://encrypted-tbn0.gstatic.com/imagesq=tbn:ANd9GcSWvezY5EwPII-pG3EUvfvX3Upp_3BKmqnkV-efXEKPw6l69IOv&s','eget tincidunt eget tempus vel pede',NULL,'Phasellus in felis. Donec semper sapien a libero. Nam dui.',1,11,NULL),(12,'AP','Randall Wrangle','https://pagesperso-orange.fr/lacus.jsp','https://encrypted-tbn0.gstatic.com/imageq=tbn:ANd9GcSWvezY5EwPII-pG3EUvfvX3Upp_3BKmqnkV-efXEKPw6l69IOv&s','donec posuere metus vitae ipsum aliquam non mauris',NULL,'Aenean lectus. Pellentesque eget nunc. Donec quis orci eget orci vehicula condimentum.',1,12,NULL),(13,'AP','Felike Martusov','https://hhs.gov/nullam/orci/pede/venenatis/non/sodales/sed.jsp','https://encrypted-tbn0.gstatic.com/imageq=tbn:ANd9GcSWvezY5EwPII-pG3EUvfvX3Upp_3BKmqnkV-efXEKPw6l69IOv&s','elementum in hac habitasse platea dictumst morbi',NULL,'In congue. Etiam justo. Etiam pretium iaculis justo.',1,13,NULL),(14,'LM','Cayla Stile','http://timesonline.co.uk/lectus/in/quam.jsp','https://data.whicdn.com/images/243738831/superthumb.jpt=1465429274','fusce posuere felis sed lacus morbi sem mauris laoreet',NULL,'Curabitur at ipsum ac tellus semper interdum. Mauris ullamcorper purus sit amet nulla. Quisque arcu libero, rutrum ac, lobortis vel, dapibus at, diam.',1,14,NULL),(15,'LW','Dion Maytom','https://gravatar.com/consequat/ut/nulla.jsp','https://data.whicdn.com/images/243738831/superthumb.jpgt=1465429274','viverra eget congue eget semper rutrum',NULL,'Phasellus sit amet erat. Nulla tempus. Vivamus in felis eu sapien cursus vestibulum.',1,15,NULL),(16,'LW','Karrah Camerati','https://wisc.edu/augue/vel/accumsan/tellus/nisi/eu/orci.aspx','https://data.whicdn.com/images/243738831/superthumb.jpgt=1465429274','quisque erat eros viverra eget',NULL,'Integer ac leo. Pellentesque ultrices mattis odio. Donec vitae nisi.',1,16,NULL),(17,'AP','Glenn Redmore','https://baidu.com/volutpat/in/congue/etiam/justo/etiam.json','https://encrypted-tbn0.gstatic.com/imageq=tbn:ANd9GcSWvezY5EwPII-pG3EUvfvX3Upp_3BKmqnkV-efXEKPw6l69IOv&s','vulputate nonummy maecenas tincidunt lacus at velit',NULL,'Fusce consequat. Nulla nisl. Nunc nisl.',1,17,NULL),(18,'RM','Bradley Jirieck','http://theglobeandmail.com/libero/quis.xml','https://encrypted-tbn0.gstatic.com/imageq=tbn:ANd9GcSWvezY5EwPII-pG3EUvfvX3Upp_3BKmqnkV-efXEKPw6l69IOv&s','felis donec semper sapien a libero nam',NULL,'Proin interdum mauris non ligula pellentesque ultrices. Phasellus id sapien in sapien iaculis congue. Vivamus metus arcu, adipiscing molestie, hendrerit at, vulputate vitae, nisl.',1,18,NULL),(19,'LW','Whitby Melendez','http://jiathis.com/sed/accumsan/felis/ut/at/dolor.aspx','https://data.whicdn.com/images/243738831/superthumb.jpt=1465429274','nibh fusce lacus purus aliquet at',NULL,'Quisque porta volutpat erat. Quisque erat eros, viverra eget, congue eget, semper rutrum, nulla. Nunc purus.',1,19,NULL),(20,'LW','Valentine Meriot','https://un.org/tempus/semper.jpg','https://data.whicdn.com/images/243738831/superthumb.jpt=1465429274','ipsum aliquam non mauris morbi non lectus',NULL,'Integer tincidunt ante vel ipsum. Praesent blandit lacinia erat. Vestibulum sed magna at nunc commodo placerat.',1,20,NULL),(21,'LW','Conrado Mattschas','https://earthlink.net/pulvinar/sed.xml','https://data.whicdn.com/images/287045290/superthumb.jpt=1494942872','sit amet consectetuer adipiscing elit proin interdum mauris non',NULL,'Proin eu mi. Nulla ac enim. In tempor, turpis nec euismod scelerisque, quam turpis adipiscing lorem, vitae mattis nibh ligula nec sem.',1,21,NULL),(22,'LW','Rodolphe Liebermann','http://paginegialle.it/vestibulum/velit/id/pretium/iaculis.html','https://encrypted-tbn0.gstatic.com/imageq=tbn:ANd9GcSWvezY5EwPII-pG3EUvfvX3Upp_3BKmqnkV-efXEKPw6l69IOv&s','sem fusce consequat nulla nisl',NULL,'Fusce posuere felis sed lacus. Morbi sem mauris, laoreet ut, rhoncus aliquet, pulvinar sed, nisl. Nunc rhoncus dui vel sem.',1,22,NULL),(23,'LW','Teodorico Clemente','http://cbsnews.com/proin/leo/odio/porttitor/id/consequat.jpg','https://data.whicdn.com/images/243738831/superthumb.jpt=1465429274','sagittis nam congue risus semper porta volutpat quam pede lobortis',NULL,'Praesent blandit. Nam nulla. Integer pede justo, lacinia eget, tincidunt eget, tempus vel, pede.',1,23,NULL),(24,'LM','Susi Pomery','http://bigcartel.com/aliquet/pulvinar/sed/nisl/nunc/rhoncus.json','https://data.whicdn.com/images/243738831/superthumb.jpgt=1465429274','diam id ornare imperdiet sapien urna pretium nisl ut',NULL,'In hac habitasse platea dictumst. Morbi vestibulum, velit id pretium iaculis, diam erat fermentum justo, nec condimentum neque sapien placerat ante. Nulla justo.',1,24,NULL),(25,'AP','Carson Dingle','http://washingtonpost.com/in/est/risus/auctor/sed/tristique.json','http://2.bp.blogspot.com/-9J-2HjcDML8/VFcY0LSQkGI/AAAAAAAAArA/LetlZU8aCrY/s1600/stylish-girl-with-unique-hair-style-dp-for-facebook-profile-picture.jpg','imperdiet et commodo vulputate justo in blandit ultrices enim',NULL,'Quisque id justo sit amet sapien dignissim vestibulum. Vestibulum ante ipsum primis in faucibus orci luctus et ultrices posuere cubilia Curae; Nulla dapibus dolor vel est. Donec odio justo, sollicitudin ut, suscipit a, feugiat et, eros.',1,25,NULL),(26,'LW','Lucia Castagnone','https://exblog.jp/justo.jpg','https://data.whicdn.com/images/243738831/superthumb.jpt=1465429274','condimentum neque sapien placerat ante nulla justo aliquam quis turpis',NULL,'Aenean fermentum. Donec ut mauris eget massa tempor convallis. Nulla neque libero, convallis eget, eleifend luctus, ultricies eu, nibh.',1,26,NULL),(27,'LW','Brianna Yakov','https://fema.gov/duis/faucibus/accumsan.png','https://encrypted-tbn0.gstatic.com/imagesq=tbn:ANd9GcSWvezY5EwPII-pG3EUvfvX3Upp_3BKmqnkV-efXEKPw6l69IOv&s','turpis nec euismod scelerisque quam turpis adipiscing lorem',NULL,'Proin interdum mauris non ligula pellentesque ultrices. Phasellus id sapien in sapien iaculis congue. Vivamus metus arcu, adipiscing molestie, hendrerit at, vulputate vitae, nisl.',1,27,NULL),(28,'LW','Jessalin Bastie','https://seattletimes.com/in/magna/bibendum/imperdiet/nullam/orci/pede.js','https://data.whicdn.com/images/287045290/superthumb.jpgt=1494942872','vestibulum vestibulum ante ipsum primis in',NULL,'Vestibulum ac est lacinia nisi venenatis tristique. Fusce congue, diam id ornare imperdiet, sapien urna pretium nisl, ut volutpat sapien arcu sed augue. Aliquam erat volutpat.',1,28,NULL),(29,'AP','Melisa Bigrigg','http://nifty.com/dictumst/etiam/faucibus/cursus/urna/ut/tellus.xml','https://data.whicdn.com/images/243738831/superthumb.jpgt=1465429274','in faucibus orci luctus et ultrices posuere',NULL,'Sed ante. Vivamus tortor. Duis mattis egestas metus.',1,29,NULL),(30,'LW','Crista Caccavella','http://independent.co.uk/cras/mi/pede/malesuada.aspx','https://data.whicdn.com/images/243738831/superthumb.jpgt=1465429274','sit amet turpis elementum ligula vehicula consequat morbi a ipsum',NULL,'In quis justo. Maecenas rhoncus aliquam lacus. Morbi quis tortor id nulla ultrices aliquet.',1,30,NULL),(31,'LW','Klaus Larret','https://1und1.de/velit.xml','https://data.whicdn.com/images/302934819/original.jpt=1513612958','nullam sit amet turpis elementum ligula',NULL,'Aliquam quis turpis eget elit sodales scelerisque. Mauris sit amet eros. Suspendisse accumsan tortor quis turpis.',1,31,NULL),(32,'LW','Shepard Blincko','http://topsy.com/mi/sit/amet/lobortis/sapien.xml','https://data.whicdn.com/images/243738831/superthumb.jpt=1465429274','integer a nibh in quis justo maecenas rhoncus',NULL,'Quisque id justo sit amet sapien dignissim vestibulum. Vestibulum ante ipsum primis in faucibus orci luctus et ultrices posuere cubilia Curae; Nulla dapibus dolor vel est. Donec odio justo, sollicitudin ut, suscipit a, feugiat et, eros.',1,32,NULL),(33,'LW','Gunar Walthall','http://booking.com/eget/elit/sodales/scelerisque.json','https://data.whicdn.com/images/287045290/superthumb.jpt=1494942872','elementum in hac habitasse platea dictumst morbi vestibulum velit',NULL,'In hac habitasse platea dictumst. Etiam faucibus cursus urna. Ut tellus.',1,33,NULL),(34,'LW','Cally Mingotti','https://artisteer.com/semper/rutrum/nulla/nunc.json','https://encrypted-tbn0.gstatic.com/imagesq=tbn:ANd9GcSWvezY5EwPII-pG3EUvfvX3Upp_3BKmqnkV-efXEKPw6l69IOv&s','et commodo vulputate justo in blandit',NULL,'Mauris enim leo, rhoncus sed, vestibulum sit amet, cursus id, turpis. Integer aliquet, massa id lobortis convallis, tortor risus dapibus augue, vel accumsan tellus nisi eu orci. Mauris lacinia sapien quis libero.',1,34,NULL),(35,'LW','Neile Bolliver','http://eepurl.com/molestie.jpg','https://encrypted-tbn0.gstatic.com/imagesq=tbn:ANd9GcSWvezY5EwPII-pG3EUvfvX3Upp_3BKmqnkV-efXEKPw6l69IOv&s','sed ante vivamus tortor duis mattis egestas',NULL,'Morbi non lectus. Aliquam sit amet diam in magna bibendum imperdiet. Nullam orci pede, venenatis non, sodales sed, tincidunt eu, felis.',1,35,NULL),(36,'LW','Karel Leinster','https://taobao.com/elit/sodales/scelerisque/mauris/sit/amet/eros.xml','https://data.whicdn.com/images/243738831/superthumb.jpgt=1465429274','nulla dapibus dolor vel est donec odio justo sollicitudin ut',NULL,'Proin eu mi. Nulla ac enim. In tempor, turpis nec euismod scelerisque, quam turpis adipiscing lorem, vitae mattis nibh ligula nec sem.',1,36,NULL),(37,'LW','Giacobo Rabbe','http://goodreads.com/purus/phasellus/in.jsp','https://data.whicdn.com/images/302934819/original.jpgt=1513612958','nec molestie sed justo pellentesque viverra',NULL,'Praesent id massa id nisl venenatis lacinia. Aenean sit amet justo. Morbi ut odio.',1,37,NULL),(38,'LW','Rosamond Tarrant','http://prweb.com/et/eros/vestibulum.xml','https://data.whicdn.com/images/243738831/superthumb.jpgt=1465429274','in hac habitasse platea dictumst',NULL,'Fusce posuere felis sed lacus. Morbi sem mauris, laoreet ut, rhoncus aliquet, pulvinar sed, nisl. Nunc rhoncus dui vel sem.',1,38,NULL),(39,'LW','Ferdinande Basek','http://nsw.gov.au/mauris/ullamcorper/purus/sit/amet/nulla.jpg','https://data.whicdn.com/images/243738831/superthumb.jpt=1465429274','eros vestibulum ac est lacinia',NULL,'Quisque porta volutpat erat. Quisque erat eros, viverra eget, congue eget, semper rutrum, nulla. Nunc purus.',1,39,NULL),(40,'AP','Hasheem Stirley','http://cocolog-nifty.com/non/ligula/pellentesque/ultrices.jpg','https://data.whicdn.com/images/299113914/superthumb.pngt=1507773361','eget orci vehicula condimentum curabitur in libero ut massa',NULL,'Fusce consequat. Nulla nisl. Nunc nisl.',1,40,NULL),(41,'LW','Rhett Bartolomeazzi','https://usatoday.com/lectus/pellentesque/at.xml','https://data.whicdn.com/images/243738831/superthumb.jpt=1465429274','justo pellentesque viverra pede ac diam cras pellentesque volutpat',NULL,'Cum sociis natoque penatibus et magnis dis parturient montes, nascetur ridiculus mus. Vivamus vestibulum sagittis sapien. Cum sociis natoque penatibus et magnis dis parturient montes, nascetur ridiculus mus.',1,41,NULL),(42,'LW','Ximenes Doolan','https://is.gd/ultrices/posuere/cubilia/curae/duis/faucibus/accumsan.jpg','https://data.whicdn.com/images/243738831/superthumb.jpgt=1465429274','primis in faucibus orci luctus et ultrices posuere cubilia',NULL,'Aenean fermentum. Donec ut mauris eget massa tempor convallis. Nulla neque libero, convallis eget, eleifend luctus, ultricies eu, nibh.',1,42,NULL),(43,'LW','Kalinda Faragan','http://guardian.co.uk/et/tempus/semper.jsp','https://data.whicdn.com/images/243738831/superthumb.jpt=1465429274','molestie hendrerit at vulputate vitae nisl aenean lectus pellentesque',NULL,'Nulla ut erat id mauris vulputate elementum. Nullam varius. Nulla facilisi.',1,43,NULL),(44,'SK','Matti Kemston','http://google.it/mi/nulla/ac/enim/in.xml','https://data.whicdn.com/images/243738831/superthumb.jpgt=1465429274','ac diam cras pellentesque volutpat dui maecenas',NULL,'Quisque porta volutpat erat. Quisque erat eros, viverra eget, congue eget, semper rutrum, nulla. Nunc purus.',1,44,NULL),(45,'LW','Patti Cunniam','https://imdb.com/eget.jsp','https://data.whicdn.com/images/243738831/superthumb.jpt=1465429274','cursus vestibulum proin eu mi nulla ac enim in',NULL,'Praesent id massa id nisl venenatis lacinia. Aenean sit amet justo. Morbi ut odio.',1,45,NULL),(46,'LM','Colby Maudett','http://rakuten.co.jp/odio/in.png','https://data.whicdn.com/images/243738831/superthumb.jpt=1465429274','curae duis faucibus accumsan odio curabitur',NULL,'Cras mi pede, malesuada in, imperdiet et, commodo vulputate, justo. In blandit ultrices enim. Lorem ipsum dolor sit amet, consectetuer adipiscing elit.',1,46,NULL),(47,'LM','Dunstan Splevin','https://wisc.edu/in.jsp','https://encrypted-tbn0.gstatic.com/imagesq=tbn:ANd9GcSWvezY5EwPII-pG3EUvfvX3Upp_3BKmqnkV-efXEKPw6l69IOv&s','justo in blandit ultrices enim lorem ipsum dolor sit',NULL,'Duis aliquam convallis nunc. Proin at turpis a pede posuere nonummy. Integer non velit.',1,47,NULL),(48,'LW','Patten Mularkey','http://salon.com/diam.png','https://encrypted-tbn0.gstatic.com/imageq=tbn:ANd9GcSWvezY5EwPII-pG3EUvfvX3Upp_3BKmqnkV-efXEKPw6l69IOv&s','duis at velit eu est congue elementum in hac',NULL,'Proin eu mi. Nulla ac enim. In tempor, turpis nec euismod scelerisque, quam turpis adipiscing lorem, vitae mattis nibh ligula nec sem.',1,48,NULL),(49,'LW','Brook Derby','https://mashable.com/pellentesque/ultrices/mattis/odio.json','https://data.whicdn.com/images/302934819/original.jpt=1513612958','at nibh in hac habitasse platea',NULL,'Proin interdum mauris non ligula pellentesque ultrices. Phasellus id sapien in sapien iaculis congue. Vivamus metus arcu, adipiscing molestie, hendrerit at, vulputate vitae, nisl.',1,49,NULL),(50,'LM','Claresta Arendsen','https://ovh.net/vivamus/vel.html','https://data.whicdn.com/images/243738831/superthumb.jpgt=1465429274','sed ante vivamus tortor duis mattis egestas',NULL,'Etiam vel augue. Vestibulum rutrum rutrum neque. Aenean auctor gravida sem.',1,50,NULL),(51,'LW','Candra Grund','https://stanford.edu/ultrices/libero/non/mattis/pulvinar/nulla.xml','https://data.whicdn.com/images/302934819/original.jpgt=1513612958','nibh ligula nec sem duis aliquam convallis nunc proin at',NULL,'Nulla ut erat id mauris vulputate elementum. Nullam varius. Nulla facilisi.',1,51,NULL),(52,'LW','Giustina Crust','https://intel.com/magna/bibendum/imperdiet/nullam.xml','https://encrypted-tbn0.gstatic.com/imageq=tbn:ANd9GcSWvezY5EwPII-pG3EUvfvX3Upp_3BKmqnkV-efXEKPw6l69IOv&s','elementum nullam varius nulla facilisi cras non velit nec nisi',NULL,'Duis bibendum. Morbi non quam nec dui luctus rutrum. Nulla tellus.',1,52,NULL),(53,'LW','Keelby Eames','https://microsoft.com/sagittis/dui/vel/nisl/duis/ac.jsp','https://encrypted-tbn0.gstatic.com/imagesq=tbn:ANd9GcSWvezY5EwPII-pG3EUvfvX3Upp_3BKmqnkV-efXEKPw6l69IOv&s','nibh in lectus pellentesque at nulla suspendisse potenti cras in',NULL,'Curabitur at ipsum ac tellus semper interdum. Mauris ullamcorper purus sit amet nulla. Quisque arcu libero, rutrum ac, lobortis vel, dapibus at, diam.',1,53,NULL),(54,'LW','Edwina Bromwich','http://unblog.fr/turpis/a/pede/posuere.json','https://data.whicdn.com/images/243738831/superthumb.jpt=1465429274','ut mauris eget massa tempor convallis nulla neque libero',NULL,'Fusce posuere felis sed lacus. Morbi sem mauris, laoreet ut, rhoncus aliquet, pulvinar sed, nisl. Nunc rhoncus dui vel sem.',1,54,NULL),(55,'SK','Rora Newlove','https://independent.co.uk/sit/amet/cursus/id/turpis/integer/aliquet.json','https://data.whicdn.com/images/243738831/superthumb.jpt=1465429274','odio justo sollicitudin ut suscipit a feugiat et eros',NULL,'Nulla ut erat id mauris vulputate elementum. Nullam varius. Nulla facilisi.',1,55,NULL),(56,'LW','Chaddy Bozward','https://photobucket.com/erat/fermentum/justo/nec/condimentum.jpg','https://encrypted-tbn0.gstatic.com/imagesq=tbn:ANd9GcSWvezY5EwPII-pG3EUvfvX3Upp_3BKmqnkV-efXEKPw6l69IOv&s','tortor risus dapibus augue vel accumsan tellus nisi eu orci',NULL,'Praesent id massa id nisl venenatis lacinia. Aenean sit amet justo. Morbi ut odio.',1,56,NULL),(57,'LW','Bowie Escalera','https://ning.com/ipsum/primis/in.jsp','https://data.whicdn.com/images/243738831/superthumb.jpgt=1465429274','eget eros elementum pellentesque quisque',NULL,'Praesent blandit. Nam nulla. Integer pede justo, lacinia eget, tincidunt eget, tempus vel, pede.',1,57,NULL),(58,'LM','Emile Fife','http://google.com.au/sapien/quis/libero/nullam/sit/amet/turpis.xml','https://encrypted-tbn0.gstatic.com/imageq=tbn:ANd9GcSWvezY5EwPII-pG3EUvfvX3Upp_3BKmqnkV-efXEKPw6l69IOv&s','justo eu massa donec dapibus',NULL,'Aliquam quis turpis eget elit sodales scelerisque. Mauris sit amet eros. Suspendisse accumsan tortor quis turpis.',1,58,NULL),(59,'LW','Holden Sorsby','http://e-recht24.de/aliquet/at/feugiat/non/pretium/quis.png','https://data.whicdn.com/images/243738831/superthumb.jpt=1465429274','proin eu mi nulla ac enim in tempor',NULL,'Praesent blandit. Nam nulla. Integer pede justo, lacinia eget, tincidunt eget, tempus vel, pede.',1,59,NULL),(60,'AP','Ryan Maxsted','https://myspace.com/porta/volutpat.png','https://encrypted-tbn0.gstatic.com/imagesq=tbn:ANd9GcSWvezY5EwPII-pG3EUvfvX3Upp_3BKmqnkV-efXEKPw6l69IOv&s','dolor morbi vel lectus in quam fringilla rhoncus',NULL,'Donec diam neque, vestibulum eget, vulputate ut, ultrices vel, augue. Vestibulum ante ipsum primis in faucibus orci luctus et ultrices posuere cubilia Curae; Donec pharetra, magna vestibulum aliquet ultrices, erat tortor sollicitudin mi, sit amet lobortis sapien sapien non mi. Integer ac neque.',1,60,NULL),(61,'AM','Idelle Jays','https://so-net.ne.jp/ac/diam/cras/pellentesque/volutpat.jpg','https://data.whicdn.com/images/243738831/superthumb.jpt=1465429274','at nibh in hac habitasse',NULL,'Curabitur gravida nisi at nibh. In hac habitasse platea dictumst. Aliquam augue quam, sollicitudin vitae, consectetuer eget, rutrum at, lorem.',1,61,NULL),(62,'LW','Arte MacRitchie','https://engadget.com/aenean/auctor/gravida/sem/praesent.jsp','https://encrypted-tbn0.gstatic.com/imageq=tbn:ANd9GcSWvezY5EwPII-pG3EUvfvX3Upp_3BKmqnkV-efXEKPw6l69IOv&s','quam pharetra magna ac consequat',NULL,'Duis bibendum. Morbi non quam nec dui luctus rutrum. Nulla tellus.',1,62,NULL),(63,'LM','Mora De Minico','https://163.com/tristique/in/tempus/sit.jsp','https://data.whicdn.com/images/302934819/original.jpgt=1513612958','nibh fusce lacus purus aliquet at feugiat non',NULL,'In congue. Etiam justo. Etiam pretium iaculis justo.',1,63,NULL),(64,'LW','Cora Pauli','https://joomla.org/in/consequat/ut/nulla.jsp','https://data.whicdn.com/images/287045290/superthumb.jpgt=1494942872','sit amet consectetuer adipiscing elit',NULL,'Vestibulum ac est lacinia nisi venenatis tristique. Fusce congue, diam id ornare imperdiet, sapien urna pretium nisl, ut volutpat sapien arcu sed augue. Aliquam erat volutpat.',1,64,NULL),(65,'AP','Violetta Tremeer','http://geocities.com/nisi/eu/orci/mauris/lacinia/sapien/quis.jsp','https://encrypted-tbn0.gstatic.com/imagesq=tbn:ANd9GcSWvezY5EwPII-pG3EUvfvX3Upp_3BKmqnkV-efXEKPw6l69IOv&s','viverra eget congue eget semper rutrum nulla nunc purus phasellus',NULL,'In quis justo. Maecenas rhoncus aliquam lacus. Morbi quis tortor id nulla ultrices aliquet.',1,65,NULL),(66,'LW','Kriste Shubotham','https://timesonline.co.uk/sit.xml','https://data.whicdn.com/images/243738831/superthumb.jpgt=1465429274','cras pellentesque volutpat dui maecenas tristique est',NULL,'Vestibulum ac est lacinia nisi venenatis tristique. Fusce congue, diam id ornare imperdiet, sapien urna pretium nisl, ut volutpat sapien arcu sed augue. Aliquam erat volutpat.',1,66,NULL),(67,'LM','Lalo Batrim','http://behance.net/sapien/cum/sociis.jpg','https://data.whicdn.com/images/287045290/superthumb.jpt=1494942872','nec dui luctus rutrum nulla tellus in sagittis',NULL,'Suspendisse potenti. In eleifend quam a odio. In hac habitasse platea dictumst.',1,67,NULL),(68,'LW','Rena De Filippi','http://hud.gov/nec/nisi/vulputate/nonummy.js','https://encrypted-tbn0.gstatic.com/imagesq=tbn:ANd9GcSWvezY5EwPII-pG3EUvfvX3Upp_3BKmqnkV-efXEKPw6l69IOv&s','ante vestibulum ante ipsum primis',NULL,'Quisque porta volutpat erat. Quisque erat eros, viverra eget, congue eget, semper rutrum, nulla. Nunc purus.',1,68,NULL),(69,'LW','Adrien Thulborn','http://hao123.com/felis/eu/sapien/cursus.aspx','https://data.whicdn.com/images/302934819/original.jpt=1513612958','sit amet cursus id turpis',NULL,'Curabitur in libero ut massa volutpat convallis. Morbi odio odio, elementum eu, interdum eu, tincidunt in, leo. Maecenas pulvinar lobortis est.',1,69,NULL),(70,'LW','Zora Banghe','https://reuters.com/metus/arcu/adipiscing/molestie/hendrerit/at/vulputate.xml','https://data.whicdn.com/images/243738831/superthumb.jpgt=1465429274','interdum mauris ullamcorper purus sit amet',NULL,'Duis bibendum, felis sed interdum venenatis, turpis enim blandit mi, in porttitor pede justo eu massa. Donec dapibus. Duis at velit eu est congue elementum.',1,70,NULL),(71,'LM','Cammy Pearsey','https://google.pl/sapien/cum/sociis/natoque/penatibus.jsp','https://data.whicdn.com/images/287045290/superthumb.jpgt=1494942872','nunc commodo placerat praesent blandit nam nulla integer pede',NULL,'In hac habitasse platea dictumst. Etiam faucibus cursus urna. Ut tellus.',1,71,NULL),(72,'BM','Livy Scroxton','http://zimbio.com/platea.png','https://encrypted-tbn0.gstatic.com/imagesq=tbn:ANd9GcSWvezY5EwPII-pG3EUvfvX3Upp_3BKmqnkV-efXEKPw6l69IOv&s','tellus semper interdum mauris ullamcorper purus sit amet nulla quisque',NULL,'Aenean lectus. Pellentesque eget nunc. Donec quis orci eget orci vehicula condimentum.',1,72,NULL),(73,'LM','Ebony Gillet','http://wordpress.org/nibh.html','https://data.whicdn.com/images/243738831/superthumb.jpgt=1465429274','ac enim in tempor turpis nec euismod',NULL,'Mauris enim leo, rhoncus sed, vestibulum sit amet, cursus id, turpis. Integer aliquet, massa id lobortis convallis, tortor risus dapibus augue, vel accumsan tellus nisi eu orci. Mauris lacinia sapien quis libero.',1,73,NULL),(74,'LW','Brockie Houldey','http://fema.gov/lacus/purus/aliquet/at/feugiat/non/pretium.jsp','https://encrypted-tbn0.gstatic.com/imagesq=tbn:ANd9GcSWvezY5EwPII-pG3EUvfvX3Upp_3BKmqnkV-efXEKPw6l69IOv&s','tortor duis mattis egestas metus aenean fermentum donec',NULL,'Integer tincidunt ante vel ipsum. Praesent blandit lacinia erat. Vestibulum sed magna at nunc commodo placerat.',1,74,NULL),(75,'AM','Joel Azemar','https://fc2.com/non/ligula/pellentesque/ultrices/phasellus/id/sapien.json','https://data.whicdn.com/images/287045290/superthumb.jpgt=1494942872','vitae nisi nam ultrices libero non mattis pulvinar',NULL,'Aenean fermentum. Donec ut mauris eget massa tempor convallis. Nulla neque libero, convallis eget, eleifend luctus, ultricies eu, nibh.',1,75,NULL),(76,'LW','Wells Agney','https://mediafire.com/non/lectus/aliquam/sit.aspx','https://data.whicdn.com/images/243738831/superthumb.jpt=1465429274','lorem ipsum dolor sit amet consectetuer adipiscing elit',NULL,'Etiam vel augue. Vestibulum rutrum rutrum neque. Aenean auctor gravida sem.',1,76,NULL),(77,'LW','Fidelia Jerrems','http://hugedomains.com/ornare/imperdiet/sapien.xml','https://data.whicdn.com/images/243738831/superthumb.jpt=1465429274','erat curabitur gravida nisi at nibh in',NULL,'Sed ante. Vivamus tortor. Duis mattis egestas metus.',1,77,NULL),(78,'LM','Freddie Bramstom','https://reverbnation.com/lacus/curabitur.json','https://data.whicdn.com/images/243738831/superthumb.jpgt=1465429274','aliquet maecenas leo odio condimentum id luctus',NULL,'In quis justo. Maecenas rhoncus aliquam lacus. Morbi quis tortor id nulla ultrices aliquet.',1,78,NULL),(79,'LW','Ronnica Scarce','http://flickr.com/lacinia/erat/vestibulum/sed/magna/at/nunc.png','https://encrypted-tbn0.gstatic.com/imageq=tbn:ANd9GcSWvezY5EwPII-pG3EUvfvX3Upp_3BKmqnkV-efXEKPw6l69IOv&s','molestie sed justo pellentesque viverra pede',NULL,'Duis aliquam convallis nunc. Proin at turpis a pede posuere nonummy. Integer non velit.',1,79,NULL),(80,'BM','Joletta Newby','http://rambler.ru/nunc/donec/quis/orci/eget/orci.jsp','https://data.whicdn.com/images/243738831/superthumb.jpgt=1465429274','integer tincidunt ante vel ipsum praesent blandit lacinia erat',NULL,'Duis aliquam convallis nunc. Proin at turpis a pede posuere nonummy. Integer non velit.',1,80,NULL),(81,'AP','Davin Siggee','http://uol.com.br/porttitor/lorem.jsp','https://data.whicdn.com/images/243738831/superthumb.jpt=1465429274','augue aliquam erat volutpat in congue',NULL,'Nam ultrices, libero non mattis pulvinar, nulla pede ullamcorper augue, a suscipit nulla elit ac nulla. Sed vel enim sit amet nunc viverra dapibus. Nulla suscipit ligula in lacus.',1,81,NULL),(82,'LW','Lexine Renny','https://state.tx.us/diam/neque/vestibulum/eget/vulputate.js','https://encrypted-tbn0.gstatic.com/imageq=tbn:ANd9GcSWvezY5EwPII-pG3EUvfvX3Upp_3BKmqnkV-efXEKPw6l69IOv&s','vel ipsum praesent blandit lacinia erat vestibulum sed magna at',NULL,'Duis aliquam convallis nunc. Proin at turpis a pede posuere nonummy. Integer non velit.',1,82,NULL),(83,'LW','Wendell Liversley','http://cnet.com/aliquet/maecenas/leo/odio.aspx','https://data.whicdn.com/images/243738831/superthumb.jpt=1465429274','odio curabitur convallis duis consequat',NULL,'Integer ac leo. Pellentesque ultrices mattis odio. Donec vitae nisi.',1,83,NULL),(84,'LW','Evania Janaszewski','http://bluehost.com/lorem/ipsum/dolor/sit/amet/consectetuer/adipiscing.js','https://data.whicdn.com/images/287045290/superthumb.jpt=1494942872','at turpis donec posuere metus vitae ipsum',NULL,'Curabitur at ipsum ac tellus semper interdum. Mauris ullamcorper purus sit amet nulla. Quisque arcu libero, rutrum ac, lobortis vel, dapibus at, diam.',1,84,NULL),(85,'LM','Yuma Dunster','http://nbcnews.com/vitae/nisl.jpg','https://encrypted-tbn0.gstatic.com/imagesq=tbn:ANd9GcSWvezY5EwPII-pG3EUvfvX3Upp_3BKmqnkV-efXEKPw6l69IOv&s','augue aliquam erat volutpat in congue etiam justo etiam pretium',NULL,'Vestibulum ac est lacinia nisi venenatis tristique. Fusce congue, diam id ornare imperdiet, sapien urna pretium nisl, ut volutpat sapien arcu sed augue. Aliquam erat volutpat.',1,85,NULL),(86,'AM','Marnie Buney','https://nbcnews.com/erat/curabitur/gravida/nisi.jpg','https://data.whicdn.com/images/243738831/superthumb.jpt=1465429274','tincidunt eu felis fusce posuere',NULL,'Morbi porttitor lorem id ligula. Suspendisse ornare consequat lectus. In est risus, auctor sed, tristique in, tempus sit amet, sem.',1,86,NULL),(87,'LW','Pammie Kramer','http://usgs.gov/in/libero/ut.aspx','https://data.whicdn.com/images/243738831/superthumb.jpt=1465429274','quis turpis eget elit sodales scelerisque mauris sit amet eros',NULL,'Curabitur at ipsum ac tellus semper interdum. Mauris ullamcorper purus sit amet nulla. Quisque arcu libero, rutrum ac, lobortis vel, dapibus at, diam.',1,87,NULL),(88,'LW','Adolphus Belfelt','http://homestead.com/nam/nulla/integer.png','https://encrypted-tbn0.gstatic.com/imagesq=tbn:ANd9GcSWvezY5EwPII-pG3EUvfvX3Upp_3BKmqnkV-efXEKPw6l69IOv&s','vel pede morbi porttitor lorem id ligula',NULL,'Fusce consequat. Nulla nisl. Nunc nisl.',1,88,NULL),(89,'AP','Farrand Brugman','http://webmd.com/nulla.html','https://encrypted-tbn0.gstatic.com/imageq=tbn:ANd9GcSWvezY5EwPII-pG3EUvfvX3Upp_3BKmqnkV-efXEKPw6l69IOv&s','nascetur ridiculus mus etiam vel augue vestibulum rutrum rutrum',NULL,'Duis bibendum, felis sed interdum venenatis, turpis enim blandit mi, in porttitor pede justo eu massa. Donec dapibus. Duis at velit eu est congue elementum.',1,89,NULL),(90,'LW','Gaspar Blaszczak','http://feedburner.com/a/nibh/in.xml','https://data.whicdn.com/images/243738831/superthumb.jpt=1465429274','ullamcorper augue a suscipit nulla elit ac nulla',NULL,'Morbi non lectus. Aliquam sit amet diam in magna bibendum imperdiet. Nullam orci pede, venenatis non, sodales sed, tincidunt eu, felis.',1,90,NULL),(91,'LW','Rodolph Bruckner','https://illinois.edu/mauris/enim.xml','https://data.whicdn.com/images/243738831/superthumb.jpt=1465429274','nec condimentum neque sapien placerat ante nulla justo aliquam quis',NULL,'Maecenas leo odio, condimentum id, luctus nec, molestie sed, justo. Pellentesque viverra pede ac diam. Cras pellentesque volutpat dui.',1,91,NULL),(92,'LW','Cooper Gawen','http://forbes.com/felis/fusce/posuere/felis.jsp','https://data.whicdn.com/images/243738831/superthumb.jpt=1465429274','lectus pellentesque eget nunc donec quis orci eget orci vehicula',NULL,'Morbi porttitor lorem id ligula. Suspendisse ornare consequat lectus. In est risus, auctor sed, tristique in, tempus sit amet, sem.',1,92,NULL),(93,'LM','Tildie Ick','http://desdev.cn/convallis/nunc/proin/at/turpis/a.json','https://data.whicdn.com/images/243738831/superthumb.jpgt=1465429274','convallis nunc proin at turpis a pede posuere nonummy integer',NULL,'In sagittis dui vel nisl. Duis ac nibh. Fusce lacus purus, aliquet at, feugiat non, pretium quis, lectus.',1,93,NULL),(94,'LM','Shirl Abbess','https://cbslocal.com/habitasse/platea/dictumst/etiam/faucibus/cursus/urna.json','https://data.whicdn.com/images/243738831/superthumb.jpt=1465429274','iaculis justo in hac habitasse platea dictumst',NULL,'Fusce posuere felis sed lacus. Morbi sem mauris, laoreet ut, rhoncus aliquet, pulvinar sed, nisl. Nunc rhoncus dui vel sem.',1,94,NULL),(95,'LW','Nevin Kean','http://fc2.com/mattis/nibh/ligula/nec/sem.xml','https://encrypted-tbn0.gstatic.com/imageq=tbn:ANd9GcSWvezY5EwPII-pG3EUvfvX3Upp_3BKmqnkV-efXEKPw6l69IOv&s','suscipit a feugiat et eros vestibulum',NULL,'In quis justo. Maecenas rhoncus aliquam lacus. Morbi quis tortor id nulla ultrices aliquet.',1,95,NULL),(96,'LM','Michaeline Anstey','https://wisc.edu/donec/odio.jpg','https://data.whicdn.com/images/243738831/superthumb.jpt=1465429274','proin eu mi nulla ac enim in tempor',NULL,'Vestibulum ac est lacinia nisi venenatis tristique. Fusce congue, diam id ornare imperdiet, sapien urna pretium nisl, ut volutpat sapien arcu sed augue. Aliquam erat volutpat.',1,96,NULL),(97,'LM','Margareta Altoft','https://com.com/id/pretium/iaculis.jpg','https://data.whicdn.com/images/243738831/superthumb.jpt=1465429274','donec ut dolor morbi vel lectus',NULL,'Etiam vel augue. Vestibulum rutrum rutrum neque. Aenean auctor gravida sem.',1,97,NULL),(98,'LW','Audre Renison','http://nps.gov/lorem/quisque/ut.jsp','https://data.whicdn.com/images/243738831/superthumb.jpt=1465429274','nec dui luctus rutrum nulla tellus in sagittis dui vel',NULL,'In quis justo. Maecenas rhoncus aliquam lacus. Morbi quis tortor id nulla ultrices aliquet.',1,98,NULL),(99,'LM','Randolph Gayden','http://addtoany.com/tortor/duis/mattis/egestas.jsp','https://encrypted-tbn0.gstatic.com/imageq=tbn:ANd9GcSWvezY5EwPII-pG3EUvfvX3Upp_3BKmqnkV-efXEKPw6l69IOv&s','integer ac neque duis bibendum morbi non quam nec',NULL,'Phasellus in felis. Donec semper sapien a libero. Nam dui.',1,99,NULL),(100,'AM','Clovis Robertacci','https://instagram.com/vel/est/donec.aspx','https://encrypted-tbn0.gstatic.com/imagesq=tbn:ANd9GcSWvezY5EwPII-pG3EUvfvX3Upp_3BKmqnkV-efXEKPw6l69IOv&s','ligula nec sem duis aliquam',NULL,'Nam ultrices, libero non mattis pulvinar, nulla pede ullamcorper augue, a suscipit nulla elit ac nulla. Sed vel enim sit amet nunc viverra dapibus. Nulla suscipit ligula in lacus.',1,100,NULL),(103,'GK','Maxim','video','photo','Joi.string().max(40)','Joi.string().max(40)','Joi.string().max(40)',1,1008,NULL),(104,'GK','Maxim','video','photo','Joi.string().max(40)','Joi.string().max(40)','Joi.string().max(40)',1,1009,NULL);
/*!40000 ALTER TABLE `profiles` ENABLE KEYS */;
UNLOCK TABLES;

--
-- Table structure for table `sports`
--

DROP TABLE IF EXISTS `sports`;
/*!40101 SET @saved_cs_client     = @@character_set_client */;
 SET character_set_client = utf8mb4 ;
CREATE TABLE `sports` (
  `sports_id` int(11) NOT NULL AUTO_INCREMENT,
  `sports_name` varchar(45) DEFAULT NULL,
  `sports_type` varchar(45) DEFAULT NULL,
  PRIMARY KEY (`sports_id`)
) ENGINE=InnoDB AUTO_INCREMENT=4 DEFAULT CHARSET=utf8mb4 COLLATE=utf8mb4_0900_ai_ci;
/*!40101 SET character_set_client = @saved_cs_client */;

--
-- Dumping data for table `sports`
--

LOCK TABLES `sports` WRITE;
/*!40000 ALTER TABLE `sports` DISABLE KEYS */;
INSERT INTO `sports` VALUES (1,'soccer','0'),(2,'basketball','0'),(3,'rugby','1');
/*!40000 ALTER TABLE `sports` ENABLE KEYS */;
UNLOCK TABLES;

--
-- Dumping events for database 'stg'
--

--
-- Dumping routines for database 'stg'
--
/*!40103 SET TIME_ZONE=@OLD_TIME_ZONE */;

/*!40101 SET SQL_MODE=@OLD_SQL_MODE */;
/*!40014 SET FOREIGN_KEY_CHECKS=@OLD_FOREIGN_KEY_CHECKS */;
/*!40014 SET UNIQUE_CHECKS=@OLD_UNIQUE_CHECKS */;
/*!40101 SET CHARACTER_SET_CLIENT=@OLD_CHARACTER_SET_CLIENT */;
/*!40101 SET CHARACTER_SET_RESULTS=@OLD_CHARACTER_SET_RESULTS */;
/*!40101 SET COLLATION_CONNECTION=@OLD_COLLATION_CONNECTION */;
/*!40111 SET SQL_NOTES=@OLD_SQL_NOTES */;

-- Dump completed on 2019-11-10  0:00:05
